Bus,Voltage,Season,Time,Demand,Renewables,Output
1,1.0796,1,1,100,8,1
2,1.0988,1,1,100,8,1
3,1.0841,1,1,100,8,1
4,1.065,1,1,100,8,1
5,1.0643,1,1,100,8,1
6,1.062,1,1,100,8,1
7,1.0506,1,1,100,8,1
8,1.0493,1,1,100,8,1
9,1.0623,1,1,100,8,1
10,1.0679,1,1,100,8,1
11,1.0647,1,1,100,8,1
12,1.0515,1,1,100,8,1
13,1.0661,1,1,100,8,1
14,1.0662,1,1,100,8,1
15,1.0638,1,1,100,8,1
16,1.0778,1,1,100,8,1
17,1.0839,1,1,100,8,1
18,1.0827,1,1,100,8,1
19,1.1018,1,1,100,8,1
20,1.0453,1,1,100,8,1
21,1.067,1,1,100,8,1
22,1.0741,1,1,100,8,1
23,1.0719,1,1,100,8,1
24,1.0811,1,1,100,8,1
25,1.1125,1,1,100,8,1
26,1.1118,1,1,100,8,1
27,1.0933,1,1,100,8,1
28,1.1177,1,1,100,8,1
29,1.119,1,1,100,8,1
30,1.0836,1,1,100,8,1
31,1.0345,1,1,100,8,1
32,1.018,1,1,100,8,1
33,1.0435,1,1,100,8,1
34,1.073,1,1,100,8,1
35,1.0565,1,1,100,8,1
36,1.0856,1,1,100,8,1
37,1.0954,1,1,100,8,1
38,1.095,1,1,100,8,1
39,1.0504,1,1,100,8,1
1,1.0799,1,0,100,8,1
2,1.0992,1,0,100,8,1
3,1.0842,1,0,100,8,1
4,1.0642,1,0,100,8,1
5,1.0629,1,0,100,8,1
6,1.0606,1,0,100,8,1
7,1.0492,1,0,100,8,1
8,1.0479,1,0,100,8,1
9,1.0616,1,0,100,8,1
10,1.0671,1,0,100,8,1
11,1.0638,1,0,100,8,1
12,1.0506,1,0,100,8,1
13,1.0653,1,0,100,8,1
14,1.0654,1,0,100,8,1
15,1.0638,1,0,100,8,1
16,1.0781,1,0,100,8,1
17,1.0842,1,0,100,8,1
18,1.083,1,0,100,8,1
19,1.102,1,0,100,8,1
20,1.0454,1,0,100,8,1
21,1.0674,1,0,100,8,1
22,1.0744,1,0,100,8,1
23,1.0724,1,0,100,8,1
24,1.0815,1,0,100,8,1
25,1.1121,1,0,100,8,1
26,1.1121,1,0,100,8,1
27,1.0936,1,0,100,8,1
28,1.1182,1,0,100,8,1
29,1.1194,1,0,100,8,1
30,1.0836,1,0,100,8,1
31,1.0345,1,0,100,8,1
32,1.018,1,0,100,8,1
33,1.0435,1,0,100,8,1
34,1.073,1,0,100,8,1
35,1.0565,1,0,100,8,1
36,1.0856,1,0,100,8,1
37,1.0954,1,0,100,8,1
38,1.095,1,0,100,8,1
39,1.0504,1,0,100,8,1
1,1.0797,1,1,100,10,1
2,1.099,1,1,100,10,1
3,1.0842,1,1,100,10,1
4,1.0648,1,1,100,10,1
5,1.0639,1,1,100,10,1
6,1.0616,1,1,100,10,1
7,1.0502,1,1,100,10,1
8,1.0489,1,1,100,10,1
9,1.0621,1,1,100,10,1
10,1.0677,1,1,100,10,1
11,1.0645,1,1,100,10,1
12,1.0512,1,1,100,10,1
13,1.0659,1,1,100,10,1
14,1.066,1,1,100,10,1
15,1.0638,1,1,100,10,1
16,1.0779,1,1,100,10,1
17,1.0841,1,1,100,10,1
18,1.0828,1,1,100,10,1
19,1.1019,1,1,100,10,1
20,1.0453,1,1,100,10,1
21,1.0671,1,1,100,10,1
22,1.0742,1,1,100,10,1
23,1.0721,1,1,100,10,1
24,1.0812,1,1,100,10,1
25,1.1124,1,1,100,10,1
26,1.1119,1,1,100,10,1
27,1.0934,1,1,100,10,1
28,1.1179,1,1,100,10,1
29,1.1192,1,1,100,10,1
30,1.0836,1,1,100,10,1
31,1.0345,1,1,100,10,1
32,1.018,1,1,100,10,1
33,1.0435,1,1,100,10,1
34,1.073,1,1,100,10,1
35,1.0565,1,1,100,10,1
36,1.0856,1,1,100,10,1
37,1.0954,1,1,100,10,1
38,1.095,1,1,100,10,1
39,1.0504,1,1,100,10,1
1,1.0799,1,0,100,10,1
2,1.0994,1,0,100,10,1
3,1.0842,1,0,100,10,1
4,1.0635,1,0,100,10,1
5,1.0619,1,0,100,10,1
6,1.0596,1,0,100,10,1
7,1.0481,1,0,100,10,1
8,1.0469,1,0,100,10,1
9,1.0611,1,0,100,10,1
10,1.0664,1,0,100,10,1
11,1.063,1,0,100,10,1
12,1.0498,1,0,100,10,1
13,1.0646,1,0,100,10,1
14,1.0648,1,0,100,10,1
15,1.0637,1,0,100,10,1
16,1.0782,1,0,100,10,1
17,1.0843,1,0,100,10,1
18,1.083,1,0,100,10,1
19,1.1021,1,0,100,10,1
20,1.0455,1,0,100,10,1
21,1.0676,1,0,100,10,1
22,1.0746,1,0,100,10,1
23,1.0725,1,0,100,10,1
24,1.0816,1,0,100,10,1
25,1.1119,1,0,100,10,1
26,1.1122,1,0,100,10,1
27,1.0937,1,0,100,10,1
28,1.1184,1,0,100,10,1
29,1.1196,1,0,100,10,1
30,1.0836,1,0,100,10,1
31,1.0345,1,0,100,10,1
32,1.018,1,0,100,10,1
33,1.0435,1,0,100,10,1
34,1.073,1,0,100,10,1
35,1.0565,1,0,100,10,1
36,1.0856,1,0,100,10,1
37,1.0954,1,0,100,10,1
38,1.095,1,0,100,10,1
39,1.0504,1,0,100,10,1
1,1.0799,1,1,100,15,1
2,1.0993,1,1,100,15,1
3,1.0842,1,1,100,15,1
4,1.064,1,1,100,15,1
5,1.0627,1,1,100,15,1
6,1.0604,1,1,100,15,1
7,1.049,1,1,100,15,1
8,1.0477,1,1,100,15,1
9,1.0615,1,1,100,15,1
10,1.0669,1,1,100,15,1
11,1.0636,1,1,100,15,1
12,1.0504,1,1,100,15,1
13,1.0651,1,1,100,15,1
14,1.0653,1,1,100,15,1
15,1.0638,1,1,100,15,1
16,1.0781,1,1,100,15,1
17,1.0843,1,1,100,15,1
18,1.083,1,1,100,15,1
19,1.102,1,1,100,15,1
20,1.0455,1,1,100,15,1
21,1.0675,1,1,100,15,1
22,1.0745,1,1,100,15,1
23,1.0724,1,1,100,15,1
24,1.0815,1,1,100,15,1
25,1.1121,1,1,100,15,1
26,1.1121,1,1,100,15,1
27,1.0936,1,1,100,15,1
28,1.1182,1,1,100,15,1
29,1.1195,1,1,100,15,1
30,1.0836,1,1,100,15,1
31,1.0345,1,1,100,15,1
32,1.018,1,1,100,15,1
33,1.0435,1,1,100,15,1
34,1.073,1,1,100,15,1
35,1.0565,1,1,100,15,1
36,1.0856,1,1,100,15,1
37,1.0954,1,1,100,15,1
38,1.095,1,1,100,15,1
39,1.0504,1,1,100,15,1
1,1.0801,1,0,100,15,1
2,1.0997,1,0,100,15,1
3,1.0836,1,0,100,15,1
4,1.061,1,0,100,15,1
5,1.0585,1,0,100,15,1
6,1.0562,1,0,100,15,1
7,1.0448,1,0,100,15,1
8,1.0436,1,0,100,15,1
9,1.0594,1,0,100,15,1
10,1.0643,1,0,100,15,1
11,1.0605,1,0,100,15,1
12,1.0474,1,0,100,15,1
13,1.0624,1,0,100,15,1
14,1.0627,1,0,100,15,1
15,1.0629,1,0,100,15,1
16,1.0781,1,0,100,15,1
17,1.0841,1,0,100,15,1
18,1.0827,1,0,100,15,1
19,1.1022,1,0,100,15,1
20,1.0456,1,0,100,15,1
21,1.0678,1,0,100,15,1
22,1.0749,1,0,100,15,1
23,1.0729,1,0,100,15,1
24,1.0816,1,0,100,15,1
25,1.1112,1,0,100,15,1
26,1.1122,1,0,100,15,1
27,1.0936,1,0,100,15,1
28,1.1188,1,0,100,15,1
29,1.12,1,0,100,15,1
30,1.0836,1,0,100,15,1
31,1.0345,1,0,100,15,1
32,1.018,1,0,100,15,1
33,1.0435,1,0,100,15,1
34,1.073,1,0,100,15,1
35,1.0565,1,0,100,15,1
36,1.0856,1,0,100,15,1
37,1.0954,1,0,100,15,1
38,1.095,1,0,100,15,1
39,1.0504,1,0,100,15,1
1,1.08,1,1,100,20,1
2,1.0995,1,1,100,20,1
3,1.0841,1,1,100,20,1
4,1.0629,1,1,100,20,1
5,1.0611,1,1,100,20,1
6,1.0588,1,1,100,20,1
7,1.0474,1,1,100,20,1
8,1.0461,1,1,100,20,1
9,1.0607,1,1,100,20,1
10,1.0659,1,1,100,20,1
11,1.0624,1,1,100,20,1
12,1.0493,1,1,100,20,1
13,1.0641,1,1,100,20,1
14,1.0644,1,1,100,20,1
15,1.0635,1,1,100,20,1
16,1.0782,1,1,100,20,1
17,1.0843,1,1,100,20,1
18,1.083,1,1,100,20,1
19,1.1022,1,1,100,20,1
20,1.0456,1,1,100,20,1
21,1.0677,1,1,100,20,1
22,1.0747,1,1,100,20,1
23,1.0727,1,1,100,20,1
24,1.0817,1,1,100,20,1
25,1.1118,1,1,100,20,1
26,1.1122,1,1,100,20,1
27,1.0937,1,1,100,20,1
28,1.1185,1,1,100,20,1
29,1.1197,1,1,100,20,1
30,1.0836,1,1,100,20,1
31,1.0345,1,1,100,20,1
32,1.018,1,1,100,20,1
33,1.0435,1,1,100,20,1
34,1.073,1,1,100,20,1
35,1.0565,1,1,100,20,1
36,1.0856,1,1,100,20,1
37,1.0954,1,1,100,20,1
38,1.095,1,1,100,20,1
39,1.0504,1,1,100,20,1
1,1.0802,1,0,100,20,1
2,1.0996,1,0,100,20,1
3,1.0824,1,0,100,20,1
4,1.0576,1,0,100,20,1
5,1.0541,1,0,100,20,1
6,1.0517,1,0,100,20,1
7,1.0403,1,0,100,20,1
8,1.0392,1,0,100,20,1
9,1.0572,1,0,100,20,1
10,1.0612,1,0,100,20,1
11,1.057,1,0,100,20,1
12,1.044,1,0,100,20,1
13,1.0592,1,0,100,20,1
14,1.0597,1,0,100,20,1
15,1.0615,1,0,100,20,1
16,1.0775,1,0,100,20,1
17,1.0834,1,0,100,20,1
18,1.0818,1,0,100,20,1
19,1.1021,1,0,100,20,1
20,1.0456,1,0,100,20,1
21,1.0677,1,0,100,20,1
22,1.0749,1,0,100,20,1
23,1.073,1,0,100,20,1
24,1.0812,1,0,100,20,1
25,1.1103,1,0,100,20,1
26,1.1119,1,0,100,20,1
27,1.0932,1,0,100,20,1
28,1.119,1,0,100,20,1
29,1.1202,1,0,100,20,1
30,1.0836,1,0,100,20,1
31,1.0345,1,0,100,20,1
32,1.018,1,0,100,20,1
33,1.0435,1,0,100,20,1
34,1.073,1,0,100,20,1
35,1.0565,1,0,100,20,1
36,1.0856,1,0,100,20,1
37,1.0954,1,0,100,20,1
38,1.095,1,0,100,20,1
39,1.0504,1,0,100,20,1
1,1.0801,1,1,100,25,1
2,1.0997,1,1,100,25,1
3,1.0837,1,1,100,25,1
4,1.0615,1,1,100,25,1
5,1.0591,1,1,100,25,1
6,1.0568,1,1,100,25,1
7,1.0454,1,1,100,25,1
8,1.0442,1,1,100,25,1
9,1.0597,1,1,100,25,1
10,1.0646,1,1,100,25,1
11,1.0609,1,1,100,25,1
12,1.0478,1,1,100,25,1
13,1.0628,1,1,100,25,1
14,1.0631,1,1,100,25,1
15,1.0631,1,1,100,25,1
16,1.0781,1,1,100,25,1
17,1.0842,1,1,100,25,1
18,1.0827,1,1,100,25,1
19,1.1022,1,1,100,25,1
20,1.0456,1,1,100,25,1
21,1.0678,1,1,100,25,1
22,1.0748,1,1,100,25,1
23,1.0728,1,1,100,25,1
24,1.0816,1,1,100,25,1
25,1.1113,1,1,100,25,1
26,1.1122,1,1,100,25,1
27,1.0937,1,1,100,25,1
28,1.1187,1,1,100,25,1
29,1.1199,1,1,100,25,1
30,1.0836,1,1,100,25,1
31,1.0345,1,1,100,25,1
32,1.018,1,1,100,25,1
33,1.0435,1,1,100,25,1
34,1.073,1,1,100,25,1
35,1.0565,1,1,100,25,1
36,1.0856,1,1,100,25,1
37,1.0954,1,1,100,25,1
38,1.095,1,1,100,25,1
39,1.0504,1,1,100,25,1
1,1.0801,1,0,100,25,1
2,1.0993,1,0,100,25,1
3,1.0806,1,0,100,25,1
4,1.0531,1,0,100,25,1
5,1.0484,1,0,100,25,1
6,1.046,1,0,100,25,1
7,1.0347,1,0,100,25,1
8,1.0337,1,0,100,25,1
9,1.0544,1,0,100,25,1
10,1.0573,1,0,100,25,1
11,1.0525,1,0,100,25,1
12,1.0396,1,0,100,25,1
13,1.0552,1,0,100,25,1
14,1.0557,1,0,100,25,1
15,1.0593,1,0,100,25,1
16,1.0764,1,0,100,25,1
17,1.0822,1,0,100,25,1
18,1.0803,1,0,100,25,1
19,1.1019,1,0,100,25,1
20,1.0455,1,0,100,25,1
21,1.0672,1,0,100,25,1
22,1.0748,1,0,100,25,1
23,1.0729,1,0,100,25,1
24,1.0803,1,0,100,25,1
25,1.1091,1,0,100,25,1
26,1.1113,1,0,100,25,1
27,1.0923,1,0,100,25,1
28,1.119,1,0,100,25,1
29,1.1203,1,0,100,25,1
30,1.0836,1,0,100,25,1
31,1.0345,1,0,100,25,1
32,1.018,1,0,100,25,1
33,1.0435,1,0,100,25,1
34,1.073,1,0,100,25,1
35,1.0565,1,0,100,25,1
36,1.0856,1,0,100,25,1
37,1.0954,1,0,100,25,1
38,1.095,1,0,100,25,1
39,1.0504,1,0,100,25,1
1,1.0801,1,1,100,40,1
2,1.0995,1,1,100,40,1
3,1.0813,1,1,100,40,1
4,1.055,1,1,100,40,1
5,1.0507,1,1,100,40,1
6,1.0483,1,1,100,40,1
7,1.037,1,1,100,40,1
8,1.0359,1,1,100,40,1
9,1.0556,1,1,100,40,1
10,1.0589,1,1,100,40,1
11,1.0543,1,1,100,40,1
12,1.0414,1,1,100,40,1
13,1.0569,1,1,100,40,1
14,1.0573,1,1,100,40,1
15,1.0602,1,1,100,40,1
16,1.0769,1,1,100,40,1
17,1.0828,1,1,100,40,1
18,1.081,1,1,100,40,1
19,1.102,1,1,100,40,1
20,1.0456,1,1,100,40,1
21,1.0674,1,1,100,40,1
22,1.0749,1,1,100,40,1
23,1.0729,1,1,100,40,1
24,1.0807,1,1,100,40,1
25,1.1096,1,1,100,40,1
26,1.1116,1,1,100,40,1
27,1.0927,1,1,100,40,1
28,1.119,1,1,100,40,1
29,1.1203,1,1,100,40,1
30,1.0836,1,1,100,40,1
31,1.0345,1,1,100,40,1
32,1.018,1,1,100,40,1
33,1.0435,1,1,100,40,1
34,1.073,1,1,100,40,1
35,1.0565,1,1,100,40,1
36,1.0856,1,1,100,40,1
37,1.0954,1,1,100,40,1
38,1.095,1,1,100,40,1
39,1.0504,1,1,100,40,1
1,1.0792,1,0,100,40,1
2,1.0965,1,0,100,40,1
3,1.071,1,0,100,40,1
4,1.0326,1,0,100,40,1
5,1.0233,1,0,100,40,1
6,1.0207,1,0,100,40,1
7,1.0096,1,0,100,40,1
8,1.0091,1,0,100,40,1
9,1.0422,1,0,100,40,1
10,1.0397,1,0,100,40,1
11,1.0322,1,0,100,40,1
12,1.0197,1,0,100,40,1
13,1.0369,1,0,100,40,1
14,1.0372,1,0,100,40,1
15,1.0484,1,0,100,40,1
16,1.07,1,0,100,40,1
17,1.0754,1,0,100,40,1
18,1.0724,1,0,100,40,1
19,1.0997,1,0,100,40,1
20,1.0445,1,0,100,40,1
21,1.0634,1,0,100,40,1
22,1.0732,1,0,100,40,1
23,1.0713,1,0,100,40,1
24,1.0749,1,0,100,40,1
25,1.1041,1,0,100,40,1
26,1.1074,1,0,100,40,1
27,1.0871,1,0,100,40,1
28,1.1178,1,0,100,40,1
29,1.1197,1,0,100,40,1
30,1.0836,1,0,100,40,1
31,1.0345,1,0,100,40,1
32,1.018,1,0,100,40,1
33,1.0435,1,0,100,40,1
34,1.073,1,0,100,40,1
35,1.0565,1,0,100,40,1
36,1.0856,1,0,100,40,1
37,1.0954,1,0,100,40,1
38,1.095,1,0,100,40,1
39,1.0504,1,0,100,40,1
1,1.08,1,1,100,50,1
2,1.0988,1,1,100,50,1
3,1.0786,1,1,100,50,1
4,1.0486,1,1,100,50,1
5,1.0428,1,1,100,50,1
6,1.0403,1,1,100,50,1
7,1.029,1,1,100,50,1
8,1.0281,1,1,100,50,1
9,1.0517,1,1,100,50,1
10,1.0534,1,1,100,50,1
11,1.0479,1,1,100,50,1
12,1.0352,1,1,100,50,1
13,1.0512,1,1,100,50,1
14,1.0516,1,1,100,50,1
15,1.057,1,1,100,50,1
16,1.0751,1,1,100,50,1
17,1.0809,1,1,100,50,1
18,1.0787,1,1,100,50,1
19,1.1015,1,1,100,50,1
20,1.0453,1,1,100,50,1
21,1.0665,1,1,100,50,1
22,1.0746,1,1,100,50,1
23,1.0726,1,1,100,50,1
24,1.0793,1,1,100,50,1
25,1.1079,1,1,100,50,1
26,1.1105,1,1,100,50,1
27,1.0913,1,1,100,50,1
28,1.1189,1,1,100,50,1
29,1.1203,1,1,100,50,1
30,1.0836,1,1,100,50,1
31,1.0345,1,1,100,50,1
32,1.018,1,1,100,50,1
33,1.0435,1,1,100,50,1
34,1.073,1,1,100,50,1
35,1.0565,1,1,100,50,1
36,1.0856,1,1,100,50,1
37,1.0954,1,1,100,50,1
38,1.095,1,1,100,50,1
39,1.0504,1,1,100,50,1
1,1.0778,1,0,100,50,1
2,1.0926,1,0,100,50,1
3,1.0602,1,0,100,50,1
4,1.0112,1,0,100,50,1
5,0.9975,1,0,100,50,1
6,0.9946,1,0,100,50,1
7,0.984,1,0,100,50,1
8,0.9839,1,0,100,50,1
9,1.0298,1,0,100,50,1
10,1.0213,1,0,100,50,1
11,1.0111,1,0,100,50,1
12,0.9991,1,0,100,50,1
13,1.018,1,0,100,50,1
14,1.0181,1,0,100,50,1
15,1.0365,1,0,100,50,1
16,1.0627,1,0,100,50,1
17,1.0675,1,0,100,50,1
18,1.0633,1,0,100,50,1
19,1.0971,1,0,100,50,1
20,1.0431,1,0,100,50,1
21,1.0586,1,0,100,50,1
22,1.0708,1,0,100,50,1
23,1.0689,1,0,100,50,1
24,1.0683,1,0,100,50,1
25,1.0993,1,0,100,50,1
26,1.1027,1,0,100,50,1
27,1.0809,1,0,100,50,1
28,1.1158,1,0,100,50,1
29,1.1185,1,0,100,50,1
30,1.0836,1,0,100,50,1
31,1.0345,1,0,100,50,1
32,1.018,1,0,100,50,1
33,1.0435,1,0,100,50,1
34,1.073,1,0,100,50,1
35,1.0565,1,0,100,50,1
36,1.0856,1,0,100,50,1
37,1.0954,1,0,100,50,1
38,1.095,1,0,100,50,1
39,1.0504,1,0,100,50,1
1,1.0797,0,1,100,8,1
2,1.0989,0,1,100,8,1
3,1.0841,0,1,100,8,1
4,1.0649,0,1,100,8,1
5,1.0641,0,1,100,8,1
6,1.0619,0,1,100,8,1
7,1.0504,0,1,100,8,1
8,1.0491,0,1,100,8,1
9,1.0622,0,1,100,8,1
10,1.0678,0,1,100,8,1
11,1.0646,0,1,100,8,1
12,1.0514,0,1,100,8,1
13,1.066,0,1,100,8,1
14,1.0661,0,1,100,8,1
15,1.0638,0,1,100,8,1
16,1.0778,0,1,100,8,1
17,1.084,0,1,100,8,1
18,1.0828,0,1,100,8,1
19,1.1018,0,1,100,8,1
20,1.0453,0,1,100,8,1
21,1.0671,0,1,100,8,1
22,1.0741,0,1,100,8,1
23,1.072,0,1,100,8,1
24,1.0812,0,1,100,8,1
25,1.1124,0,1,100,8,1
26,1.1119,0,1,100,8,1
27,1.0933,0,1,100,8,1
28,1.1178,0,1,100,8,1
29,1.1191,0,1,100,8,1
30,1.0836,0,1,100,8,1
31,1.0345,0,1,100,8,1
32,1.018,0,1,100,8,1
33,1.0435,0,1,100,8,1
34,1.073,0,1,100,8,1
35,1.0565,0,1,100,8,1
36,1.0856,0,1,100,8,1
37,1.0954,0,1,100,8,1
38,1.095,0,1,100,8,1
39,1.0504,0,1,100,8,1
1,1.0799,0,0,100,8,1
2,1.0993,0,0,100,8,1
3,1.0842,0,0,100,8,1
4,1.064,0,0,100,8,1
5,1.0626,0,0,100,8,1
6,1.0604,0,0,100,8,1
7,1.0489,0,0,100,8,1
8,1.0477,0,0,100,8,1
9,1.0615,0,0,100,8,1
10,1.0669,0,0,100,8,1
11,1.0636,0,0,100,8,1
12,1.0504,0,0,100,8,1
13,1.0651,0,0,100,8,1
14,1.0653,0,0,100,8,1
15,1.0638,0,0,100,8,1
16,1.0781,0,0,100,8,1
17,1.0843,0,0,100,8,1
18,1.083,0,0,100,8,1
19,1.102,0,0,100,8,1
20,1.0455,0,0,100,8,1
21,1.0675,0,0,100,8,1
22,1.0745,0,0,100,8,1
23,1.0724,0,0,100,8,1
24,1.0815,0,0,100,8,1
25,1.1121,0,0,100,8,1
26,1.1121,0,0,100,8,1
27,1.0936,0,0,100,8,1
28,1.1182,0,0,100,8,1
29,1.1195,0,0,100,8,1
30,1.0836,0,0,100,8,1
31,1.0345,0,0,100,8,1
32,1.018,0,0,100,8,1
33,1.0435,0,0,100,8,1
34,1.073,0,0,100,8,1
35,1.0565,0,0,100,8,1
36,1.0856,0,0,100,8,1
37,1.0954,0,0,100,8,1
38,1.095,0,0,100,8,1
39,1.0504,0,0,100,8,1
1,1.0798,0,1,100,10,1
2,1.0991,0,1,100,10,1
3,1.0842,0,1,100,10,1
4,1.0646,0,1,100,10,1
5,1.0636,0,1,100,10,1
6,1.0614,0,1,100,10,1
7,1.0499,0,1,100,10,1
8,1.0487,0,1,100,10,1
9,1.062,0,1,100,10,1
10,1.0675,0,1,100,10,1
11,1.0643,0,1,100,10,1
12,1.0511,0,1,100,10,1
13,1.0657,0,1,100,10,1
14,1.0658,0,1,100,10,1
15,1.0638,0,1,100,10,1
16,1.078,0,1,100,10,1
17,1.0841,0,1,100,10,1
18,1.0829,0,1,100,10,1
19,1.1019,0,1,100,10,1
20,1.0454,0,1,100,10,1
21,1.0672,0,1,100,10,1
22,1.0743,0,1,100,10,1
23,1.0722,0,1,100,10,1
24,1.0813,0,1,100,10,1
25,1.1123,0,1,100,10,1
26,1.112,0,1,100,10,1
27,1.0934,0,1,100,10,1
28,1.118,0,1,100,10,1
29,1.1192,0,1,100,10,1
30,1.0836,0,1,100,10,1
31,1.0345,0,1,100,10,1
32,1.018,0,1,100,10,1
33,1.0435,0,1,100,10,1
34,1.073,0,1,100,10,1
35,1.0565,0,1,100,10,1
36,1.0856,0,1,100,10,1
37,1.0954,0,1,100,10,1
38,1.095,0,1,100,10,1
39,1.0504,0,1,100,10,1
1,1.08,0,0,100,10,1
2,1.0995,0,0,100,10,1
3,1.0841,0,0,100,10,1
4,1.0632,0,0,100,10,1
5,1.0615,0,0,100,10,1
6,1.0592,0,0,100,10,1
7,1.0478,0,0,100,10,1
8,1.0465,0,0,100,10,1
9,1.0609,0,0,100,10,1
10,1.0662,0,0,100,10,1
11,1.0627,0,0,100,10,1
12,1.0495,0,0,100,10,1
13,1.0643,0,0,100,10,1
14,1.0646,0,0,100,10,1
15,1.0636,0,0,100,10,1
16,1.0782,0,0,100,10,1
17,1.0843,0,0,100,10,1
18,1.083,0,0,100,10,1
19,1.1021,0,0,100,10,1
20,1.0455,0,0,100,10,1
21,1.0677,0,0,100,10,1
22,1.0746,0,0,100,10,1
23,1.0726,0,0,100,10,1
24,1.0816,0,0,100,10,1
25,1.1118,0,0,100,10,1
26,1.1122,0,0,100,10,1
27,1.0937,0,0,100,10,1
28,1.1185,0,0,100,10,1
29,1.1197,0,0,100,10,1
30,1.0836,0,0,100,10,1
31,1.0345,0,0,100,10,1
32,1.018,0,0,100,10,1
33,1.0435,0,0,100,10,1
34,1.073,0,0,100,10,1
35,1.0565,0,0,100,10,1
36,1.0856,0,0,100,10,1
37,1.0954,0,0,100,10,1
38,1.095,0,0,100,10,1
39,1.0504,0,0,100,10,1
1,1.0799,0,1,100,15,1
2,1.0994,0,1,100,15,1
3,1.0842,0,1,100,15,1
4,1.0637,0,1,100,15,1
5,1.0621,0,1,100,15,1
6,1.0599,0,1,100,15,1
7,1.0484,0,1,100,15,1
8,1.0472,0,1,100,15,1
9,1.0612,0,1,100,15,1
10,1.0666,0,1,100,15,1
11,1.0632,0,1,100,15,1
12,1.05,0,1,100,15,1
13,1.0648,0,1,100,15,1
14,1.065,0,1,100,15,1
15,1.0637,0,1,100,15,1
16,1.0782,0,1,100,15,1
17,1.0843,0,1,100,15,1
18,1.083,0,1,100,15,1
19,1.1021,0,1,100,15,1
20,1.0455,0,1,100,15,1
21,1.0676,0,1,100,15,1
22,1.0746,0,1,100,15,1
23,1.0725,0,1,100,15,1
24,1.0816,0,1,100,15,1
25,1.112,0,1,100,15,1
26,1.1122,0,1,100,15,1
27,1.0937,0,1,100,15,1
28,1.1183,0,1,100,15,1
29,1.1196,0,1,100,15,1
30,1.0836,0,1,100,15,1
31,1.0345,0,1,100,15,1
32,1.018,0,1,100,15,1
33,1.0435,0,1,100,15,1
34,1.073,0,1,100,15,1
35,1.0565,0,1,100,15,1
36,1.0856,0,1,100,15,1
37,1.0954,0,1,100,15,1
38,1.095,0,1,100,15,1
39,1.0504,0,1,100,15,1
1,1.0801,0,0,100,15,1
2,1.0997,0,0,100,15,1
3,1.0834,0,0,100,15,1
4,1.0604,0,0,100,15,1
5,1.0577,0,0,100,15,1
6,1.0554,0,0,100,15,1
7,1.044,0,0,100,15,1
8,1.0428,0,0,100,15,1
9,1.059,0,0,100,15,1
10,1.0637,0,0,100,15,1
11,1.0598,0,0,100,15,1
12,1.0468,0,0,100,15,1
13,1.0618,0,0,100,15,1
14,1.0622,0,0,100,15,1
15,1.0627,0,0,100,15,1
16,1.078,0,0,100,15,1
17,1.084,0,0,100,15,1
18,1.0825,0,0,100,15,1
19,1.1022,0,0,100,15,1
20,1.0456,0,0,100,15,1
21,1.0678,0,0,100,15,1
22,1.0749,0,0,100,15,1
23,1.0729,0,0,100,15,1
24,1.0816,0,0,100,15,1
25,1.111,0,0,100,15,1
26,1.1122,0,0,100,15,1
27,1.0936,0,0,100,15,1
28,1.1189,0,0,100,15,1
29,1.12,0,0,100,15,1
30,1.0836,0,0,100,15,1
31,1.0345,0,0,100,15,1
32,1.018,0,0,100,15,1
33,1.0435,0,0,100,15,1
34,1.073,0,0,100,15,1
35,1.0565,0,0,100,15,1
36,1.0856,0,0,100,15,1
37,1.0954,0,0,100,15,1
38,1.095,0,0,100,15,1
39,1.0504,0,0,100,15,1
1,1.0801,0,1,100,20,1
2,1.0996,0,1,100,20,1
3,1.0839,0,1,100,20,1
4,1.0623,0,1,100,20,1
5,1.0602,0,1,100,20,1
6,1.0579,0,1,100,20,1
7,1.0464,0,1,100,20,1
8,1.0452,0,1,100,20,1
9,1.0603,0,1,100,20,1
10,1.0653,0,1,100,20,1
11,1.0617,0,1,100,20,1
12,1.0486,0,1,100,20,1
13,1.0635,0,1,100,20,1
14,1.0638,0,1,100,20,1
15,1.0633,0,1,100,20,1
16,1.0782,0,1,100,20,1
17,1.0843,0,1,100,20,1
18,1.0829,0,1,100,20,1
19,1.1022,0,1,100,20,1
20,1.0456,0,1,100,20,1
21,1.0678,0,1,100,20,1
22,1.0748,0,1,100,20,1
23,1.0727,0,1,100,20,1
24,1.0817,0,1,100,20,1
25,1.1116,0,1,100,20,1
26,1.1123,0,1,100,20,1
27,1.0937,0,1,100,20,1
28,1.1186,0,1,100,20,1
29,1.1198,0,1,100,20,1
30,1.0836,0,1,100,20,1
31,1.0345,0,1,100,20,1
32,1.018,0,1,100,20,1
33,1.0435,0,1,100,20,1
34,1.073,0,1,100,20,1
35,1.0565,0,1,100,20,1
36,1.0856,0,1,100,20,1
37,1.0954,0,1,100,20,1
38,1.095,0,1,100,20,1
39,1.0504,0,1,100,20,1
1,1.0802,0,0,100,20,1
2,1.0996,0,0,100,20,1
3,1.082,0,0,100,20,1
4,1.0565,0,0,100,20,1
5,1.0527,0,0,100,20,1
6,1.0503,0,0,100,20,1
7,1.0389,0,0,100,20,1
8,1.0378,0,0,100,20,1
9,1.0565,0,0,100,20,1
10,1.0603,0,0,100,20,1
11,1.0558,0,0,100,20,1
12,1.0429,0,0,100,20,1
13,1.0582,0,0,100,20,1
14,1.0587,0,0,100,20,1
15,1.061,0,0,100,20,1
16,1.0772,0,0,100,20,1
17,1.0832,0,0,100,20,1
18,1.0814,0,0,100,20,1
19,1.1021,0,0,100,20,1
20,1.0456,0,0,100,20,1
21,1.0676,0,0,100,20,1
22,1.0749,0,0,100,20,1
23,1.073,0,0,100,20,1
24,1.081,0,0,100,20,1
25,1.11,0,0,100,20,1
26,1.1118,0,0,100,20,1
27,1.093,0,0,100,20,1
28,1.119,0,0,100,20,1
29,1.1203,0,0,100,20,1
30,1.0836,0,0,100,20,1
31,1.0345,0,0,100,20,1
32,1.018,0,0,100,20,1
33,1.0435,0,0,100,20,1
34,1.073,0,0,100,20,1
35,1.0565,0,0,100,20,1
36,1.0856,0,0,100,20,1
37,1.0954,0,0,100,20,1
38,1.095,0,0,100,20,1
39,1.0504,0,0,100,20,1
1,1.0801,0,1,100,25,1
2,1.0997,0,1,100,25,1
3,1.0834,0,1,100,25,1
4,1.0604,0,1,100,25,1
5,1.0577,0,1,100,25,1
6,1.0554,0,1,100,25,1
7,1.044,0,1,100,25,1
8,1.0428,0,1,100,25,1
9,1.059,0,1,100,25,1
10,1.0637,0,1,100,25,1
11,1.0598,0,1,100,25,1
12,1.0468,0,1,100,25,1
13,1.0618,0,1,100,25,1
14,1.0622,0,1,100,25,1
15,1.0627,0,1,100,25,1
16,1.078,0,1,100,25,1
17,1.084,0,1,100,25,1
18,1.0825,0,1,100,25,1
19,1.1022,0,1,100,25,1
20,1.0456,0,1,100,25,1
21,1.0678,0,1,100,25,1
22,1.0749,0,1,100,25,1
23,1.0729,0,1,100,25,1
24,1.0816,0,1,100,25,1
25,1.111,0,1,100,25,1
26,1.1122,0,1,100,25,1
27,1.0936,0,1,100,25,1
28,1.1189,0,1,100,25,1
29,1.12,0,1,100,25,1
30,1.0836,0,1,100,25,1
31,1.0345,0,1,100,25,1
32,1.018,0,1,100,25,1
33,1.0435,0,1,100,25,1
34,1.073,0,1,100,25,1
35,1.0565,0,1,100,25,1
36,1.0856,0,1,100,25,1
37,1.0954,0,1,100,25,1
38,1.095,0,1,100,25,1
39,1.0504,0,1,100,25,1
1,1.08,0,0,100,25,1
2,1.0991,0,0,100,25,1
3,1.0798,0,0,100,25,1
4,1.0513,0,0,100,25,1
5,1.0462,0,0,100,25,1
6,1.0438,0,0,100,25,1
7,1.0325,0,0,100,25,1
8,1.0315,0,0,100,25,1
9,1.0533,0,0,100,25,1
10,1.0558,0,0,100,25,1
11,1.0507,0,0,100,25,1
12,1.0379,0,0,100,25,1
13,1.0536,0,0,100,25,1
14,1.0541,0,0,100,25,1
15,1.0585,0,0,100,25,1
16,1.0759,0,0,100,25,1
17,1.0817,0,0,100,25,1
18,1.0797,0,0,100,25,1
19,1.1017,0,0,100,25,1
20,1.0455,0,0,100,25,1
21,1.0669,0,0,100,25,1
22,1.0747,0,0,100,25,1
23,1.0728,0,0,100,25,1
24,1.0799,0,0,100,25,1
25,1.1086,0,0,100,25,1
26,1.111,0,0,100,25,1
27,1.0919,0,0,100,25,1
28,1.119,0,0,100,25,1
29,1.1203,0,0,100,25,1
30,1.0836,0,0,100,25,1
31,1.0345,0,0,100,25,1
32,1.018,0,0,100,25,1
33,1.0435,0,0,100,25,1
34,1.073,0,0,100,25,1
35,1.0565,0,0,100,25,1
36,1.0856,0,0,100,25,1
37,1.0954,0,0,100,25,1
38,1.095,0,0,100,25,1
39,1.0504,0,0,100,25,1
1,1.0801,0,1,100,40,1
2,1.0992,0,1,100,40,1
3,1.0801,0,1,100,40,1
4,1.0521,0,1,100,40,1
5,1.0471,0,1,100,40,1
6,1.0447,0,1,100,40,1
7,1.0334,0,1,100,40,1
8,1.0324,0,1,100,40,1
9,1.0538,0,1,100,40,1
10,1.0564,0,1,100,40,1
11,1.0514,0,1,100,40,1
12,1.0386,0,1,100,40,1
13,1.0543,0,1,100,40,1
14,1.0547,0,1,100,40,1
15,1.0588,0,1,100,40,1
16,1.0761,0,1,100,40,1
17,1.0819,0,1,100,40,1
18,1.08,0,1,100,40,1
19,1.1018,0,1,100,40,1
20,1.0455,0,1,100,40,1
21,1.067,0,1,100,40,1
22,1.0748,0,1,100,40,1
23,1.0728,0,1,100,40,1
24,1.0801,0,1,100,40,1
25,1.1088,0,1,100,40,1
26,1.1111,0,1,100,40,1
27,1.0921,0,1,100,40,1
28,1.119,0,1,100,40,1
29,1.1203,0,1,100,40,1
30,1.0836,0,1,100,40,1
31,1.0345,0,1,100,40,1
32,1.018,0,1,100,40,1
33,1.0435,0,1,100,40,1
34,1.073,0,1,100,40,1
35,1.0565,0,1,100,40,1
36,1.0856,0,1,100,40,1
37,1.0954,0,1,100,40,1
38,1.095,0,1,100,40,1
39,1.0504,0,1,100,40,1
1,1.0789,0,0,100,40,1
2,1.0956,0,0,100,40,1
3,1.0684,0,0,100,40,1
4,1.0274,0,0,100,40,1
5,1.0171,0,0,100,40,1
6,1.0144,0,0,100,40,1
7,1.0035,0,0,100,40,1
8,1.003,0,0,100,40,1
9,1.0392,0,0,100,40,1
10,1.0353,0,0,100,40,1
11,1.0271,0,0,100,40,1
12,1.0148,0,0,100,40,1
13,1.0324,0,0,100,40,1
14,1.0326,0,0,100,40,1
15,1.0456,0,0,100,40,1
16,1.0683,0,0,100,40,1
17,1.0735,0,0,100,40,1
18,1.0702,0,0,100,40,1
19,1.0991,0,0,100,40,1
20,1.0441,0,0,100,40,1
21,1.0623,0,0,100,40,1
22,1.0726,0,0,100,40,1
23,1.0707,0,0,100,40,1
24,1.0733,0,0,100,40,1
25,1.1029,0,0,100,40,1
26,1.1063,0,0,100,40,1
27,1.0856,0,0,100,40,1
28,1.1174,0,0,100,40,1
29,1.1194,0,0,100,40,1
30,1.0836,0,0,100,40,1
31,1.0345,0,0,100,40,1
32,1.018,0,0,100,40,1
33,1.0435,0,0,100,40,1
34,1.073,0,0,100,40,1
35,1.0565,0,0,100,40,1
36,1.0856,0,0,100,40,1
37,1.0954,0,0,100,40,1
38,1.095,0,0,100,40,1
39,1.0504,0,0,100,40,1
1,1.0798,0,1,100,50,1
2,1.0982,0,1,100,50,1
3,1.0764,0,1,100,50,1
4,1.0438,0,1,100,50,1
5,1.0369,0,1,100,50,1
6,1.0344,0,1,100,50,1
7,1.0232,0,1,100,50,1
8,1.0224,0,1,100,50,1
9,1.0488,0,1,100,50,1
10,1.0493,0,1,100,50,1
11,1.0432,0,1,100,50,1
12,1.0305,0,1,100,50,1
13,1.0469,0,1,100,50,1
14,1.0473,0,1,100,50,1
15,1.0545,0,1,100,50,1
16,1.0737,0,1,100,50,1
17,1.0793,0,1,100,50,1
18,1.0769,0,1,100,50,1
19,1.101,0,1,100,50,1
20,1.0451,0,1,100,50,1
21,1.0657,0,1,100,50,1
22,1.0742,0,1,100,50,1
23,1.0723,0,1,100,50,1
24,1.078,0,1,100,50,1
25,1.1068,0,1,100,50,1
26,1.1097,0,1,100,50,1
27,1.0901,0,1,100,50,1
28,1.1186,0,1,100,50,1
29,1.1202,0,1,100,50,1
30,1.0836,0,1,100,50,1
31,1.0345,0,1,100,50,1
32,1.018,0,1,100,50,1
33,1.0435,0,1,100,50,1
34,1.073,0,1,100,50,1
35,1.0565,0,1,100,50,1
36,1.0856,0,1,100,50,1
37,1.0954,0,1,100,50,1
38,1.095,0,1,100,50,1
39,1.0504,0,1,100,50,1
1,1.0772,0,0,100,50,1
2,1.0908,0,0,100,50,1
3,1.0554,0,0,100,50,1
4,1.0017,0,0,100,50,1
5,0.9861,0,0,100,50,1
6,0.9831,0,0,100,50,1
7,0.9726,0,0,100,50,1
8,0.9728,0,0,100,50,1
9,1.0244,0,0,100,50,1
10,1.0132,0,0,100,50,1
11,1.0018,0,0,100,50,1
12,0.99,0,0,100,50,1
13,1.0096,0,0,100,50,1
14,1.0096,0,0,100,50,1
15,1.0312,0,0,100,50,1
16,1.0593,0,0,100,50,1
17,1.0639,0,0,100,50,1
18,1.0592,0,0,100,50,1
19,1.0959,0,0,100,50,1
20,1.0424,0,0,100,50,1
21,1.0564,0,0,100,50,1
22,1.0696,0,0,100,50,1
23,1.0677,0,0,100,50,1
24,1.0653,0,0,100,50,1
25,1.0972,0,0,100,50,1
26,1.1006,0,0,100,50,1
27,1.0781,0,0,100,50,1
28,1.1148,0,0,100,50,1
29,1.1178,0,0,100,50,1
30,1.0836,0,0,100,50,1
31,1.0345,0,0,100,50,1
32,1.018,0,0,100,50,1
33,1.0435,0,0,100,50,1
34,1.073,0,0,100,50,1
35,1.0565,0,0,100,50,1
36,1.0856,0,0,100,50,1
37,1.0954,0,0,100,50,1
38,1.095,0,0,100,50,1
39,1.0504,0,0,100,50,1
1,1.0752,1,1,120,8,1
2,1.0871,1,1,120,8,1
3,1.0535,1,1,120,8,1
4,1.0065,1,1,120,8,1
5,0.9974,1,1,120,8,1
6,0.9957,1,1,120,8,1
7,0.9819,1,1,120,8,1
8,0.9814,1,1,120,8,1
9,1.0308,1,1,120,8,1
10,1.0195,1,1,120,8,1
11,1.01,1,1,120,8,1
12,0.9927,1,1,120,8,1
13,1.0151,1,1,120,8,1
14,1.0135,1,1,120,8,1
15,1.0265,1,1,120,8,1
16,1.053,1,1,120,8,1
17,1.0578,1,1,120,8,1
18,1.0544,1,1,120,8,1
19,1.0913,1,1,120,8,1
20,1.037,1,1,120,8,1
21,1.0472,1,1,120,8,1
22,1.0633,1,1,120,8,1
23,1.0605,1,1,120,8,1
24,1.0592,1,1,120,8,1
25,1.0969,1,1,120,8,1
26,1.0933,1,1,120,8,1
27,1.0695,1,1,120,8,1
28,1.1065,1,1,120,8,1
29,1.1112,1,1,120,8,1
30,1.0836,1,1,120,8,1
31,1.0345,1,1,120,8,1
32,1.018,1,1,120,8,1
33,1.0435,1,1,120,8,1
34,1.073,1,1,120,8,1
35,1.0565,1,1,120,8,1
36,1.0856,1,1,120,8,1
37,1.0954,1,1,120,8,1
38,1.095,1,1,120,8,1
39,1.0504,1,1,120,8,1
1,1.0747,1,0,120,8,1
2,1.0856,1,0,120,8,1
3,1.0493,1,0,120,8,1
4,0.9977,1,0,120,8,1
5,0.9867,1,0,120,8,1
6,0.9849,1,0,120,8,1
7,0.9712,1,0,120,8,1
8,0.9709,1,0,120,8,1
9,1.0257,1,0,120,8,1
10,1.012,1,0,120,8,1
11,1.0014,1,0,120,8,1
12,0.9842,1,0,120,8,1
13,1.0074,1,0,120,8,1
14,1.0057,1,0,120,8,1
15,1.0218,1,0,120,8,1
16,1.0502,1,0,120,8,1
17,1.0548,1,0,120,8,1
18,1.0509,1,0,120,8,1
19,1.0904,1,0,120,8,1
20,1.0365,1,0,120,8,1
21,1.0455,1,0,120,8,1
22,1.0625,1,0,120,8,1
23,1.0597,1,0,120,8,1
24,1.0568,1,0,120,8,1
25,1.095,1,0,120,8,1
26,1.0916,1,0,120,8,1
27,1.0672,1,0,120,8,1
28,1.1059,1,0,120,8,1
29,1.1109,1,0,120,8,1
30,1.0836,1,0,120,8,1
31,1.0345,1,0,120,8,1
32,1.018,1,0,120,8,1
33,1.0435,1,0,120,8,1
34,1.073,1,0,120,8,1
35,1.0565,1,0,120,8,1
36,1.0856,1,0,120,8,1
37,1.0954,1,0,120,8,1
38,1.095,1,0,120,8,1
39,1.0504,1,0,120,8,1
1,1.0751,1,1,120,10,1
2,1.0867,1,1,120,10,1
3,1.0523,1,1,120,10,1
4,1.0038,1,1,120,10,1
5,0.9941,1,1,120,10,1
6,0.9924,1,1,120,10,1
7,0.9786,1,1,120,10,1
8,0.9782,1,1,120,10,1
9,1.0293,1,1,120,10,1
10,1.0172,1,1,120,10,1
11,1.0074,1,1,120,10,1
12,0.9901,1,1,120,10,1
13,1.0128,1,1,120,10,1
14,1.0111,1,1,120,10,1
15,1.0251,1,1,120,10,1
16,1.0522,1,1,120,10,1
17,1.0569,1,1,120,10,1
18,1.0533,1,1,120,10,1
19,1.0911,1,1,120,10,1
20,1.0368,1,1,120,10,1
21,1.0467,1,1,120,10,1
22,1.0631,1,1,120,10,1
23,1.0602,1,1,120,10,1
24,1.0585,1,1,120,10,1
25,1.0963,1,1,120,10,1
26,1.0928,1,1,120,10,1
27,1.0688,1,1,120,10,1
28,1.1063,1,1,120,10,1
29,1.1111,1,1,120,10,1
30,1.0836,1,1,120,10,1
31,1.0345,1,1,120,10,1
32,1.018,1,1,120,10,1
33,1.0435,1,1,120,10,1
34,1.073,1,1,120,10,1
35,1.0565,1,1,120,10,1
36,1.0856,1,1,120,10,1
37,1.0954,1,1,120,10,1
38,1.095,1,1,120,10,1
39,1.0504,1,1,120,10,1
1,1.0744,1,0,120,10,1
2,1.0847,1,0,120,10,1
3,1.0466,1,0,120,10,1
4,0.9921,1,0,120,10,1
5,0.9798,1,0,120,10,1
6,0.978,1,0,120,10,1
7,0.9643,1,0,120,10,1
8,0.9642,1,0,120,10,1
9,1.0225,1,0,120,10,1
10,1.0071,1,0,120,10,1
11,0.9958,1,0,120,10,1
12,0.9787,1,0,120,10,1
13,1.0023,1,0,120,10,1
14,1.0006,1,0,120,10,1
15,1.0188,1,0,120,10,1
16,1.0484,1,0,120,10,1
17,1.0528,1,0,120,10,1
18,1.0486,1,0,120,10,1
19,1.0897,1,0,120,10,1
20,1.0361,1,0,120,10,1
21,1.0443,1,0,120,10,1
22,1.062,1,0,120,10,1
23,1.0591,1,0,120,10,1
24,1.0552,1,0,120,10,1
25,1.0939,1,0,120,10,1
26,1.0905,1,0,120,10,1
27,1.0657,1,0,120,10,1
28,1.1054,1,0,120,10,1
29,1.1106,1,0,120,10,1
30,1.0836,1,0,120,10,1
31,1.0345,1,0,120,10,1
32,1.018,1,0,120,10,1
33,1.0435,1,0,120,10,1
34,1.073,1,0,120,10,1
35,1.0565,1,0,120,10,1
36,1.0856,1,0,120,10,1
37,1.0954,1,0,120,10,1
38,1.095,1,0,120,10,1
39,1.0504,1,0,120,10,1
1,1.0741,1,1,120,20,1
2,1.0839,1,1,120,20,1
3,1.0445,1,1,120,20,1
4,0.988,1,1,120,20,1
5,0.9748,1,1,120,20,1
6,0.973,1,1,120,20,1
7,0.9594,1,1,120,20,1
8,0.9593,1,1,120,20,1
9,1.0202,1,1,120,20,1
10,1.0036,1,1,120,20,1
11,0.9918,1,1,120,20,1
12,0.9748,1,1,120,20,1
13,0.9987,1,1,120,20,1
14,0.997,1,1,120,20,1
15,1.0165,1,1,120,20,1
16,1.047,1,1,120,20,1
17,1.0514,1,1,120,20,1
18,1.0469,1,1,120,20,1
19,1.0893,1,1,120,20,1
20,1.0359,1,1,120,20,1
21,1.0434,1,1,120,20,1
22,1.0615,1,1,120,20,1
23,1.0587,1,1,120,20,1
24,1.054,1,1,120,20,1
25,1.093,1,1,120,20,1
26,1.0897,1,1,120,20,1
27,1.0646,1,1,120,20,1
28,1.1051,1,1,120,20,1
29,1.1104,1,1,120,20,1
30,1.0836,1,1,120,20,1
31,1.0345,1,1,120,20,1
32,1.018,1,1,120,20,1
33,1.0435,1,1,120,20,1
34,1.073,1,1,120,20,1
35,1.0565,1,1,120,20,1
36,1.0856,1,1,120,20,1
37,1.0954,1,1,120,20,1
38,1.095,1,1,120,20,1
39,1.0504,1,1,120,20,1
1,1.0717,1,0,120,20,1
2,1.0772,1,0,120,20,1
3,1.0268,1,0,120,20,1
4,0.9527,1,0,120,20,1
5,0.9319,1,0,120,20,1
6,0.9296,1,0,120,20,1
7,0.9164,1,0,120,20,1
8,0.9172,1,0,120,20,1
9,1.0002,1,0,120,20,1
10,0.9733,1,0,120,20,1
11,0.9569,1,0,120,20,1
12,0.9404,1,0,120,20,1
13,0.9674,1,0,120,20,1
14,0.9655,1,0,120,20,1
15,0.9972,1,0,120,20,1
16,1.035,1,0,120,20,1
17,1.0386,1,0,120,20,1
18,1.032,1,0,120,20,1
19,1.085,1,0,120,20,1
20,1.0336,1,0,120,20,1
21,1.0354,1,0,120,20,1
22,1.0575,1,0,120,20,1
23,1.0546,1,0,120,20,1
24,1.0432,1,0,120,20,1
25,1.086,1,0,120,20,1
26,1.0823,1,0,120,20,1
27,1.0546,1,0,120,20,1
28,1.1018,1,0,120,20,1
29,1.1084,1,0,120,20,1
30,1.0836,1,0,120,20,1
31,1.0345,1,0,120,20,1
32,1.018,1,0,120,20,1
33,1.0435,1,0,120,20,1
34,1.073,1,0,120,20,1
35,1.0565,1,0,120,20,1
36,1.0856,1,0,120,20,1
37,1.0954,1,0,120,20,1
38,1.095,1,0,120,20,1
39,1.0504,1,0,120,20,1
1,1.0703,1,1,120,40,1
2,1.0734,1,1,120,40,1
3,1.0171,1,1,120,40,1
4,0.9335,1,1,120,40,1
5,0.9085,1,1,120,40,1
6,0.9059,1,1,120,40,1
7,0.8929,1,1,120,40,1
8,0.8943,1,1,120,40,1
9,0.9895,1,1,120,40,1
10,0.9567,1,1,120,40,1
11,0.9378,1,1,120,40,1
12,0.9217,1,1,120,40,1
13,0.9504,1,1,120,40,1
14,0.9484,1,1,120,40,1
15,0.9866,1,1,120,40,1
16,1.0284,1,1,120,40,1
17,1.0315,1,1,120,40,1
18,1.0239,1,1,120,40,1
19,1.0825,1,1,120,40,1
20,1.0323,1,1,120,40,1
21,1.0309,1,1,120,40,1
22,1.0552,1,1,120,40,1
23,1.0522,1,1,120,40,1
24,1.0373,1,1,120,40,1
25,1.0824,1,1,120,40,1
26,1.0782,1,1,120,40,1
27,1.0491,1,1,120,40,1
28,1.0999,1,1,120,40,1
29,1.1071,1,1,120,40,1
30,1.0836,1,1,120,40,1
31,1.0345,1,1,120,40,1
32,1.018,1,1,120,40,1
33,1.0435,1,1,120,40,1
34,1.073,1,1,120,40,1
35,1.0565,1,1,120,40,1
36,1.0856,1,1,120,40,1
37,1.0954,1,1,120,40,1
38,1.095,1,1,120,40,1
39,1.0504,1,1,120,40,1
1,0.8332,1,0,120,40,0
2,0.8846,1,0,120,40,0
3,0.6328,1,0,120,40,0
4,0.1982,1,0,120,40,0
5,0.0192,1,0,120,40,0
6,0,1,0,120,40,0
7,0.0057,1,0,120,40,0
8,0.0236,1,0,120,40,0
9,0.453,1,0,120,40,0
10,0.1562,1,0,120,40,0
11,0.1003,1,0,120,40,0
12,0.0939,1,0,120,40,0
13,0.1677,1,0,120,40,0
14,0.24,1,0,120,40,0
15,0.5727,1,0,120,40,0
16,0.7659,1,0,120,40,0
17,0.7531,1,0,120,40,0
18,0.7035,1,0,120,40,0
19,0.9848,1,0,120,40,0
20,0.9791,1,0,120,40,0
21,0.8473,1,0,120,40,0
22,0.9565,1,0,120,40,0
23,0.951,1,0,120,40,0
24,0.7987,1,0,120,40,0
25,0.9406,1,0,120,40,0
26,0.9154,1,0,120,40,0
27,0.8311,1,0,120,40,0
28,1.0172,1,0,120,40,0
29,1.0508,1,0,120,40,0
30,1.0738,1,0,120,40,0
31,1.0345,1,0,120,40,0
32,0.396,1,0,120,40,0
33,1.0405,1,0,120,40,0
34,1.073,1,0,120,40,0
35,1.0526,1,0,120,40,0
36,1.0856,1,0,120,40,0
37,1.0903,1,0,120,40,0
38,1.095,1,0,120,40,0
39,0.7875,1,0,120,40,0
1,0.8479,1,1,120,50,0
2,0.8492,1,1,120,50,0
3,0.6172,1,1,120,50,0
4,0.1966,1,1,120,50,0
5,0.0199,1,1,120,50,0
6,0,1,1,120,50,0
7,0.0098,1,1,120,50,0
8,0.0294,1,1,120,50,0
9,0.4867,1,1,120,50,0
10,0.1546,1,1,120,50,0
11,0.0997,1,1,120,50,0
12,0.094,1,1,120,50,0
13,0.1655,1,1,120,50,0
14,0.2384,1,1,120,50,0
15,0.5714,1,1,120,50,0
16,0.7632,1,1,120,50,0
17,0.7464,1,1,120,50,0
18,0.6935,1,1,120,50,0
19,0.9849,1,1,120,50,0
20,0.9791,1,1,120,50,0
21,0.8454,1,1,120,50,0
22,0.9562,1,1,120,50,0
23,0.95,1,1,120,50,0
24,0.7961,1,1,120,50,0
25,0.9238,1,1,120,50,0
26,0.9062,1,1,120,50,0
27,0.8229,1,1,120,50,0
28,1.012,1,1,120,50,0
29,1.0471,1,1,120,50,0
30,0.9727,1,1,120,50,0
31,1.0345,1,1,120,50,0
32,0.4017,1,1,120,50,0
33,1.0427,1,1,120,50,0
34,1.073,1,1,120,50,0
35,1.0556,1,1,120,50,0
36,1.0856,1,1,120,50,0
37,1.094,1,1,120,50,0
38,1.095,1,1,120,50,0
39,0.8325,1,1,120,50,0
1,0.8222,1,0,120,50,0
2,0.8825,1,0,120,50,0
3,0.6278,1,0,120,50,0
4,0.1924,1,0,120,50,0
5,0.0176,1,0,120,50,0
6,0,1,0,120,50,0
7,0.0026,1,0,120,50,0
8,0.0192,1,0,120,50,0
9,0.4372,1,0,120,50,0
10,0.1507,1,0,120,50,0
11,0.0961,1,0,120,50,0
12,0.0882,1,0,120,50,0
13,0.1626,1,0,120,50,0
14,0.2347,1,0,120,50,0
15,0.568,1,0,120,50,0
16,0.763,1,0,120,50,0
17,0.7496,1,0,120,50,0
18,0.6992,1,0,120,50,0
19,0.9841,1,0,120,50,0
20,0.9787,1,0,120,50,0
21,0.8462,1,0,120,50,0
22,0.9566,1,0,120,50,0
23,0.951,1,0,120,50,0
24,0.7962,1,0,120,50,0
25,0.9385,1,0,120,50,0
26,0.9134,1,0,120,50,0
27,0.8286,1,0,120,50,0
28,1.0166,1,0,120,50,0
29,1.0505,1,0,120,50,0
30,1.0773,1,0,120,50,0
31,1.0345,1,0,120,50,0
32,0.3762,1,0,120,50,0
33,1.0413,1,0,120,50,0
34,1.073,1,0,120,50,0
35,1.0539,1,0,120,50,0
36,1.0856,1,0,120,50,0
37,1.0914,1,0,120,50,0
38,1.095,1,0,120,50,0
39,0.7712,1,0,120,50,0
1,1.0752,0,1,120,8,1
2,1.0869,0,1,120,8,1
3,1.0529,0,1,120,8,1
4,1.0052,0,1,120,8,1
5,0.9958,0,1,120,8,1
6,0.9941,0,1,120,8,1
7,0.9803,0,1,120,8,1
8,0.9799,0,1,120,8,1
9,1.0301,0,1,120,8,1
10,1.0184,0,1,120,8,1
11,1.0088,0,1,120,8,1
12,0.9915,0,1,120,8,1
13,1.014,0,1,120,8,1
14,1.0123,0,1,120,8,1
15,1.0258,0,1,120,8,1
16,1.0526,0,1,120,8,1
17,1.0574,0,1,120,8,1
18,1.0539,0,1,120,8,1
19,1.0912,0,1,120,8,1
20,1.0369,0,1,120,8,1
21,1.047,0,1,120,8,1
22,1.0632,0,1,120,8,1
23,1.0604,0,1,120,8,1
24,1.0589,0,1,120,8,1
25,1.0966,0,1,120,8,1
26,1.0931,0,1,120,8,1
27,1.0692,0,1,120,8,1
28,1.1064,0,1,120,8,1
29,1.1112,0,1,120,8,1
30,1.0836,0,1,120,8,1
31,1.0345,0,1,120,8,1
32,1.018,0,1,120,8,1
33,1.0435,0,1,120,8,1
34,1.073,0,1,120,8,1
35,1.0565,0,1,120,8,1
36,1.0856,0,1,120,8,1
37,1.0954,0,1,120,8,1
38,1.095,0,1,120,8,1
39,1.0504,0,1,120,8,1
1,1.0746,0,0,120,8,1
2,1.0854,0,0,120,8,1
3,1.0486,0,0,120,8,1
4,0.9962,0,0,120,8,1
5,0.9849,0,0,120,8,1
6,0.9831,0,0,120,8,1
7,0.9694,0,0,120,8,1
8,0.9692,0,0,120,8,1
9,1.0249,0,0,120,8,1
10,1.0107,0,0,120,8,1
11,0.9999,0,0,120,8,1
12,0.9828,0,0,120,8,1
13,1.0061,0,0,120,8,1
14,1.0044,0,0,120,8,1
15,1.021,0,0,120,8,1
16,1.0498,0,0,120,8,1
17,1.0543,0,0,120,8,1
18,1.0503,0,0,120,8,1
19,1.0902,0,0,120,8,1
20,1.0364,0,0,120,8,1
21,1.0452,0,0,120,8,1
22,1.0624,0,0,120,8,1
23,1.0595,0,0,120,8,1
24,1.0564,0,0,120,8,1
25,1.0947,0,0,120,8,1
26,1.0913,0,0,120,8,1
27,1.0668,0,0,120,8,1
28,1.1058,0,0,120,8,1
29,1.1108,0,0,120,8,1
30,1.0836,0,0,120,8,1
31,1.0345,0,0,120,8,1
32,1.018,0,0,120,8,1
33,1.0435,0,0,120,8,1
34,1.073,0,0,120,8,1
35,1.0565,0,0,120,8,1
36,1.0856,0,0,120,8,1
37,1.0954,0,0,120,8,1
38,1.095,0,0,120,8,1
39,1.0504,0,0,120,8,1
1,1.0745,0,1,120,15,1
2,1.0849,0,1,120,15,1
3,1.0473,0,1,120,15,1
4,0.9935,0,1,120,15,1
5,0.9816,0,1,120,15,1
6,0.9798,0,1,120,15,1
7,0.9661,0,1,120,15,1
8,0.9659,0,1,120,15,1
9,1.0233,0,1,120,15,1
10,1.0084,0,1,120,15,1
11,0.9972,0,1,120,15,1
12,0.9801,0,1,120,15,1
13,1.0036,0,1,120,15,1
14,1.0019,0,1,120,15,1
15,1.0195,0,1,120,15,1
16,1.0489,0,1,120,15,1
17,1.0534,0,1,120,15,1
18,1.0492,0,1,120,15,1
19,1.0899,0,1,120,15,1
20,1.0362,0,1,120,15,1
21,1.0446,0,1,120,15,1
22,1.0621,0,1,120,15,1
23,1.0593,0,1,120,15,1
24,1.0556,0,1,120,15,1
25,1.0942,0,1,120,15,1
26,1.0908,0,1,120,15,1
27,1.0661,0,1,120,15,1
28,1.1056,0,1,120,15,1
29,1.1107,0,1,120,15,1
30,1.0836,0,1,120,15,1
31,1.0345,0,1,120,15,1
32,1.018,0,1,120,15,1
33,1.0435,0,1,120,15,1
34,1.073,0,1,120,15,1
35,1.0565,0,1,120,15,1
36,1.0856,0,1,120,15,1
37,1.0954,0,1,120,15,1
38,1.095,0,1,120,15,1
39,1.0504,0,1,120,15,1
1,1.073,0,0,120,15,1
2,1.0808,0,0,120,15,1
3,1.0362,0,0,120,15,1
4,0.9713,0,0,120,15,1
5,0.9545,0,0,120,15,1
6,0.9524,0,0,120,15,1
7,0.939,0,0,120,15,1
8,0.9394,0,0,120,15,1
9,1.0106,0,0,120,15,1
10,0.9892,0,0,120,15,1
11,0.9752,0,0,120,15,1
12,0.9585,0,0,120,15,1
13,0.9839,0,0,120,15,1
14,0.982,0,0,120,15,1
15,1.0074,0,0,120,15,1
16,1.0414,0,0,120,15,1
17,1.0454,0,0,120,15,1
18,1.0399,0,0,120,15,1
19,1.0873,0,0,120,15,1
20,1.0348,0,0,120,15,1
21,1.0397,0,0,120,15,1
22,1.0597,0,0,120,15,1
23,1.0568,0,0,120,15,1
24,1.0489,0,0,120,15,1
25,1.0896,0,0,120,15,1
26,1.0862,0,0,120,15,1
27,1.0599,0,0,120,15,1
28,1.1036,0,0,120,15,1
29,1.1095,0,0,120,15,1
30,1.0836,0,0,120,15,1
31,1.0345,0,0,120,15,1
32,1.018,0,0,120,15,1
33,1.0435,0,0,120,15,1
34,1.073,0,0,120,15,1
35,1.0565,0,0,120,15,1
36,1.0856,0,0,120,15,1
37,1.0954,0,0,120,15,1
38,1.095,0,0,120,15,1
39,1.0504,0,0,120,15,1
1,1.073,0,1,120,25,1
2,1.0808,0,1,120,25,1
3,1.0362,0,1,120,25,1
4,0.9713,0,1,120,25,1
5,0.9546,0,1,120,25,1
6,0.9525,0,1,120,25,1
7,0.9391,0,1,120,25,1
8,0.9395,0,1,120,25,1
9,1.0107,0,1,120,25,1
10,0.9893,0,1,120,25,1
11,0.9753,0,1,120,25,1
12,0.9586,0,1,120,25,1
13,0.9839,0,1,120,25,1
14,0.9821,0,1,120,25,1
15,1.0074,0,1,120,25,1
16,1.0414,0,1,120,25,1
17,1.0454,0,1,120,25,1
18,1.0399,0,1,120,25,1
19,1.0873,0,1,120,25,1
20,1.0348,0,1,120,25,1
21,1.0397,0,1,120,25,1
22,1.0597,0,1,120,25,1
23,1.0568,0,1,120,25,1
24,1.049,0,1,120,25,1
25,1.0897,0,1,120,25,1
26,1.0862,0,1,120,25,1
27,1.0599,0,1,120,25,1
28,1.1036,0,1,120,25,1
29,1.1095,0,1,120,25,1
30,1.0836,0,1,120,25,1
31,1.0345,0,1,120,25,1
32,1.018,0,1,120,25,1
33,1.0435,0,1,120,25,1
34,1.073,0,1,120,25,1
35,1.0565,0,1,120,25,1
36,1.0856,0,1,120,25,1
37,1.0954,0,1,120,25,1
38,1.095,0,1,120,25,1
39,1.0504,0,1,120,25,1
1,1.0668,0,0,120,25,1
2,1.0641,0,0,120,25,1
3,0.9943,0,0,120,25,1
4,0.8882,0,0,120,25,1
5,0.8532,0,0,120,25,1
6,0.8499,0,0,120,25,1
7,0.8375,0,0,120,25,1
8,0.8401,0,0,120,25,1
9,0.9649,0,0,120,25,1
10,0.9146,0,0,120,25,1
11,0.8908,0,0,120,25,1
12,0.875,0,0,120,25,1
13,0.9078,0,0,120,25,1
14,0.9072,0,0,120,25,1
15,0.9617,0,0,120,25,1
16,1.0126,0,0,120,25,1
17,1.0148,0,0,120,25,1
18,1.0047,0,0,120,25,1
19,1.0768,0,0,120,25,1
20,1.0291,0,0,120,25,1
21,1.02,0,0,120,25,1
22,1.0495,0,0,120,25,1
23,1.0463,0,0,120,25,1
24,1.023,0,0,120,25,1
25,1.0743,0,0,120,25,1
26,1.0687,0,0,120,25,1
27,1.0361,0,0,120,25,1
28,1.0952,0,0,120,25,1
29,1.1039,0,0,120,25,1
30,1.0836,0,0,120,25,1
31,1.0345,0,0,120,25,1
32,1.0068,0,0,120,25,1
33,1.0435,0,0,120,25,1
34,1.073,0,0,120,25,1
35,1.0565,0,0,120,25,1
36,1.0856,0,0,120,25,1
37,1.0954,0,0,120,25,1
38,1.095,0,0,120,25,1
39,1.0504,0,0,120,25,1
1,1.0683,0,1,120,40,1
2,1.068,0,1,120,40,1
3,1.0038,0,1,120,40,1
4,0.9071,0,1,120,40,1
5,0.8761,0,1,120,40,1
6,0.8731,0,1,120,40,1
7,0.8604,0,1,120,40,1
8,0.8625,0,1,120,40,1
9,0.9748,0,1,120,40,1
10,0.9339,0,1,120,40,1
11,0.9115,0,1,120,40,1
12,0.8957,0,1,120,40,1
13,0.9269,0,1,120,40,1
14,0.9249,0,1,120,40,1
15,0.9722,0,1,120,40,1
16,1.0193,0,1,120,40,1
17,1.0218,0,1,120,40,1
18,1.0127,0,1,120,40,1
19,1.0792,0,1,120,40,1
20,1.0304,0,1,120,40,1
21,1.0247,0,1,120,40,1
22,1.052,0,1,120,40,1
23,1.0489,0,1,120,40,1
24,1.0291,0,1,120,40,1
25,1.0775,0,1,120,40,1
26,1.0726,0,1,120,40,1
27,1.0415,0,1,120,40,1
28,1.0972,0,1,120,40,1
29,1.1053,0,1,120,40,1
30,1.0836,0,1,120,40,1
31,1.0345,0,1,120,40,1
32,1.018,0,1,120,40,1
33,1.0435,0,1,120,40,1
34,1.073,0,1,120,40,1
35,1.0565,0,1,120,40,1
36,1.0856,0,1,120,40,1
37,1.0954,0,1,120,40,1
38,1.095,0,1,120,40,1
39,1.0504,0,1,120,40,1
1,0.8984,0,0,120,40,0
2,0.8688,0,0,120,40,0
3,0.6221,0,0,120,40,0
4,0.1946,0,0,120,40,0
5,0.0207,0,0,120,40,0
6,0,0,0,120,40,0
7,0.0136,0,0,120,40,0
8,0.0346,0,0,120,40,0
9,0.5245,0,0,120,40,0
10,0.1565,0,0,120,40,0
11,0.1005,0,0,120,40,0
12,0.0946,0,0,120,40,0
13,0.1666,0,0,120,40,0
14,0.2358,0,0,120,40,0
15,0.5646,0,0,120,40,0
16,0.757,0,0,120,40,0
17,0.744,0,0,120,40,0
18,0.6936,0,0,120,40,0
19,0.9826,0,0,120,40,0
20,0.9779,0,0,120,40,0
21,0.8346,0,0,120,40,0
22,0.9398,0,0,120,40,0
23,0.9393,0,0,120,40,0
24,0.7895,0,0,120,40,0
25,0.9318,0,0,120,40,0
26,0.9085,0,0,120,40,0
27,0.8231,0,0,120,40,0
28,1.0137,0,0,120,40,0
29,1.0484,0,0,120,40,0
30,1.0058,0,0,120,40,0
31,1.0345,0,0,120,40,0
32,0.4032,0,0,120,40,0
33,1.0427,0,0,120,40,0
34,1.073,0,0,120,40,0
35,1.0247,0,0,120,40,0
36,1.0856,0,0,120,40,0
37,1.094,0,0,120,40,0
38,1.095,0,0,120,40,0
39,0.9003,0,0,120,40,0
1,0.8511,0,1,120,50,0
2,0.8894,0,1,120,50,0
3,0.6418,0,1,120,50,0
4,0.2123,0,1,120,50,0
5,0.0318,0,1,120,50,0
6,0.0107,0,1,120,50,0
7,0.021,0,1,120,50,0
8,0.0401,0,1,120,50,0
9,0.4789,0,1,120,50,0
10,0.1707,0,1,120,50,0
11,0.114,0,1,120,50,0
12,0.1097,0,1,120,50,0
13,0.1813,0,1,120,50,0
14,0.2526,0,1,120,50,0
15,0.5806,0,1,120,50,0
16,0.771,0,1,120,50,0
17,0.759,0,1,120,50,0
18,0.7106,0,1,120,50,0
19,0.9867,0,1,120,50,0
20,0.98,0,1,120,50,0
21,0.85,0,1,120,50,0
22,0.9574,0,1,120,50,0
23,0.9521,0,1,120,50,0
24,0.8032,0,1,120,50,0
25,0.9447,0,1,120,50,0
26,0.919,0,1,120,50,0
27,0.8356,0,1,120,50,0
28,1.0187,0,1,120,50,0
29,1.0517,0,1,120,50,0
30,1.0697,0,1,120,50,0
31,1.0345,0,1,120,50,0
32,0.4243,0,1,120,50,0
33,1.0404,0,1,120,50,0
34,1.073,0,1,120,50,0
35,1.0518,0,1,120,50,0
36,1.0856,0,1,120,50,0
37,1.0916,0,1,120,50,0
38,1.095,0,1,120,50,0
39,0.8131,0,1,120,50,0
1,0.853,0,0,120,50,0
2,0.8482,0,0,120,50,0
3,0.608,0,0,120,50,0
4,0.1864,0,0,120,50,0
5,0.0183,0,0,120,50,0
6,0,0,0,120,50,0
7,0.0082,0,0,120,50,0
8,0.0267,0,0,120,50,0
9,0.4812,0,0,120,50,0
10,0.1522,0,0,120,50,0
11,0.0973,0,0,120,50,0
12,0.0904,0,0,120,50,0
13,0.1623,0,0,120,50,0
14,0.2299,0,0,120,50,0
15,0.5609,0,0,120,50,0
16,0.7561,0,0,120,50,0
17,0.7385,0,0,120,50,0
18,0.6846,0,0,120,50,0
19,0.9819,0,0,120,50,0
20,0.9776,0,0,120,50,0
21,0.8418,0,0,120,50,0
22,0.9547,0,0,120,50,0
23,0.9488,0,0,120,50,0
24,0.79,0,0,120,50,0
25,0.9185,0,0,120,50,0
26,0.9014,0,0,120,50,0
27,0.8168,0,0,120,50,0
28,1.0105,0,0,120,50,0
29,1.0463,0,0,120,50,0
30,0.9769,0,0,120,50,0
31,1.0345,0,0,120,50,0
32,0.3891,0,0,120,50,0
33,1.0423,0,0,120,50,0
34,1.073,0,0,120,50,0
35,1.0551,0,0,120,50,0
36,1.0856,0,0,120,50,0
37,1.0932,0,0,120,50,0
38,1.095,0,0,120,50,0
39,0.8407,0,0,120,50,0
1,0.857,1,1,150,8,0
2,0.8382,1,1,150,8,0
3,0.5883,1,1,150,8,0
4,0.1678,1,1,150,8,0
5,0.015,1,1,150,8,0
6,0,1,1,150,8,0
7,0.0023,1,1,150,8,0
8,0.0204,1,1,150,8,0
9,0.4881,1,1,150,8,0
10,0.1357,1,1,150,8,0
11,0.0863,1,1,150,8,0
12,0.0666,1,1,150,8,0
13,0.143,1,1,150,8,0
14,0.2062,1,1,150,8,0
15,0.5216,1,1,150,8,0
16,0.717,1,1,150,8,0
17,0.7054,1,1,150,8,0
18,0.6558,1,1,150,8,0
19,0.942,1,1,150,8,0
20,0.9513,1,1,150,8,0
21,0.7944,1,1,150,8,0
22,0.9074,1,1,150,8,0
23,0.9101,1,1,150,8,0
24,0.7519,1,1,150,8,0
25,0.9098,1,1,150,8,0
26,0.8785,1,1,150,8,0
27,0.7861,1,1,150,8,0
28,0.9932,1,1,150,8,0
29,1.0336,1,1,150,8,0
30,0.9777,1,1,150,8,0
31,1.0345,1,1,150,8,0
32,0.367,1,1,150,8,0
33,0.9944,1,1,150,8,0
34,1.073,1,1,150,8,0
35,0.9981,1,1,150,8,0
36,1.0856,1,1,150,8,0
37,1.0939,1,1,150,8,0
38,1.095,1,1,150,8,0
39,0.8536,1,1,150,8,0
1,0.9429,1,0,150,8,0
2,0.8792,1,0,150,8,0
3,0.6124,1,0,150,8,0
4,0.1754,1,0,150,8,0
5,0.0176,1,0,150,8,0
6,0.0005,1,0,150,8,0
7,0.0089,1,0,150,8,0
8,0.0305,1,0,150,8,0
9,0.5571,1,0,150,8,0
10,0.1402,1,0,150,8,0
11,0.0892,1,0,150,8,0
12,0.0697,1,0,150,8,0
13,0.1481,1,0,150,8,0
14,0.2133,1,0,150,8,0
15,0.5354,1,0,150,8,0
16,0.7347,1,0,150,8,0
17,0.7243,1,0,150,8,0
18,0.6766,1,0,150,8,0
19,0.9619,1,0,150,8,0
20,0.962,1,0,150,8,0
21,0.815,1,0,150,8,0
22,0.9306,1,0,150,8,0
23,0.9275,1,0,150,8,0
24,0.7697,1,0,150,8,0
25,0.9333,1,0,150,8,0
26,0.8947,1,0,150,8,0
27,0.8036,1,0,150,8,0
28,1.0016,1,0,150,8,0
29,1.0394,1,0,150,8,0
30,1.0387,1,0,150,8,0
31,1.0345,1,0,150,8,0
32,0.3742,1,0,150,8,0
33,1.023,1,0,150,8,0
34,1.073,1,0,150,8,0
35,1.0319,1,0,150,8,0
36,1.0856,1,0,150,8,0
37,1.0954,1,0,150,8,0
38,1.095,1,0,150,8,0
39,0.9651,1,0,150,8,0
1,0.9574,1,1,150,15,0
2,0.8858,1,1,150,15,0
3,0.616,1,1,150,15,0
4,0.1758,1,1,150,15,0
5,0.0176,1,1,150,15,0
6,0.0003,1,1,150,15,0
7,0.0093,1,1,150,15,0
8,0.0315,1,1,150,15,0
9,0.5684,1,1,150,15,0
10,0.1395,1,1,150,15,0
11,0.0886,1,1,150,15,0
12,0.0686,1,1,150,15,0
13,0.1477,1,1,150,15,0
14,0.2137,1,1,150,15,0
15,0.5373,1,1,150,15,0
16,0.7375,1,1,150,15,0
17,0.7273,1,1,150,15,0
18,0.6799,1,1,150,15,0
19,0.9651,1,1,150,15,0
20,0.9638,1,1,150,15,0
21,0.8183,1,1,150,15,0
22,0.9344,1,1,150,15,0
23,0.9303,1,1,150,15,0
24,0.7725,1,1,150,15,0
25,0.9371,1,1,150,15,0
26,0.8973,1,1,150,15,0
27,0.8064,1,1,150,15,0
28,1.003,1,1,150,15,0
29,1.0404,1,1,150,15,0
30,1.0488,1,1,150,15,0
31,1.0345,1,1,150,15,0
32,0.3713,1,1,150,15,0
33,1.0278,1,1,150,15,0
34,1.073,1,1,150,15,0
35,1.0375,1,1,150,15,0
36,1.0856,1,1,150,15,0
37,1.0954,1,1,150,15,0
38,1.095,1,1,150,15,0
39,0.9841,1,1,150,15,0
1,0.7949,1,0,150,15,0
2,0.8689,1,0,150,15,0
3,0.6083,1,0,150,15,0
4,0.1763,1,0,150,15,0
5,0.0197,1,0,150,15,0
6,0.0071,1,0,150,15,0
7,0,1,0,150,15,0
8,0.0138,1,0,150,15,0
9,0.41,1,0,150,15,0
10,0.1382,1,0,150,15,0
11,0.0899,1,0,150,15,0
12,0.0712,1,0,150,15,0
13,0.1479,1,0,150,15,0
14,0.2156,1,0,150,15,0
15,0.5407,1,0,150,15,0
16,0.7414,1,0,150,15,0
17,0.7272,1,0,150,15,0
18,0.6768,1,0,150,15,0
19,0.9728,1,0,150,15,0
20,0.9681,1,0,150,15,0
21,0.8257,1,0,150,15,0
22,0.9444,1,0,150,15,0
23,0.9376,1,0,150,15,0
24,0.7768,1,0,150,15,0
25,0.9269,1,0,150,15,0
26,0.8939,1,0,150,15,0
27,0.8048,1,0,150,15,0
28,1.0017,1,0,150,15,0
29,1.0397,1,0,150,15,0
30,1.0781,1,0,150,15,0
31,1.0345,1,0,150,15,0
32,0.3434,1,0,150,15,0
33,1.0411,1,0,150,15,0
34,1.073,1,0,150,15,0
35,1.0537,1,0,150,15,0
36,1.0856,1,0,150,15,0
37,1.091,1,0,150,15,0
38,1.095,1,0,150,15,0
39,0.7365,1,0,150,15,0
1,0.7924,1,1,150,25,0
2,0.8684,1,1,150,25,0
3,0.6085,1,1,150,25,0
4,0.1768,1,1,150,25,0
5,0.02,1,1,150,25,0
6,0.0075,1,1,150,25,0
7,0,1,1,150,25,0
8,0.0137,1,1,150,25,0
9,0.408,1,1,150,25,0
10,0.1386,1,1,150,25,0
11,0.0904,1,1,150,25,0
12,0.0714,1,1,150,25,0
13,0.1484,1,1,150,25,0
14,0.2163,1,1,150,25,0
15,0.5412,1,1,150,25,0
16,0.7417,1,1,150,25,0
17,0.7274,1,1,150,25,0
18,0.6771,1,1,150,25,0
19,0.9729,1,1,150,25,0
20,0.9681,1,1,150,25,0
21,0.8258,1,1,150,25,0
22,0.9444,1,1,150,25,0
23,0.9376,1,1,150,25,0
24,0.7771,1,1,150,25,0
25,0.9268,1,1,150,25,0
26,0.894,1,1,150,25,0
27,0.8049,1,1,150,25,0
28,1.0017,1,1,150,25,0
29,1.0396,1,1,150,25,0
30,1.0778,1,1,150,25,0
31,1.0345,1,1,150,25,0
32,0.3438,1,1,150,25,0
33,1.041,1,1,150,25,0
34,1.073,1,1,150,25,0
35,1.0535,1,1,150,25,0
36,1.0856,1,1,150,25,0
37,1.0908,1,1,150,25,0
38,1.095,1,1,150,25,0
39,0.7327,1,1,150,25,0
1,0.8137,1,0,150,25,0
2,0.8142,1,0,150,25,0
3,0.5661,1,0,150,25,0
4,0.1551,1,0,150,25,0
5,0.013,1,0,150,25,0
6,0.001,1,0,150,25,0
7,0,1,0,150,25,0
8,0.0153,1,0,150,25,0
9,0.4447,1,0,150,25,0
10,0.1247,1,0,150,25,0
11,0.079,1,0,150,25,0
12,0.0622,1,0,150,25,0
13,0.132,1,0,150,25,0
14,0.1919,1,0,150,25,0
15,0.5031,1,0,150,25,0
16,0.7002,1,0,150,25,0
17,0.6873,1,0,150,25,0
18,0.6357,1,0,150,25,0
19,0.9274,1,0,150,25,0
20,0.9424,1,0,150,25,0
21,0.7807,1,0,150,25,0
22,0.8951,1,0,150,25,0
23,0.9007,1,0,150,25,0
24,0.7363,1,0,150,25,0
25,0.8921,1,0,150,25,0
26,0.8652,1,0,150,25,0
27,0.7708,1,0,150,25,0
28,0.9876,1,0,150,25,0
29,1.0301,1,0,150,25,0
30,0.9482,1,0,150,25,0
31,1.0345,1,0,150,25,0
32,0.329,1,0,150,25,0
33,0.9778,1,0,150,25,0
34,1.0703,1,0,150,25,0
35,0.9819,1,0,150,25,0
36,1.0856,1,0,150,25,0
37,1.0913,1,0,150,25,0
38,1.095,1,0,150,25,0
39,0.7993,1,0,150,25,0
1,0.8308,1,1,150,50,0
2,0.8108,1,1,150,50,0
3,0.5562,1,1,150,50,0
4,0.1428,1,1,150,50,0
5,0.0103,1,1,150,50,0
6,0,1,1,150,50,0
7,0.001,1,1,150,50,0
8,0.0153,1,1,150,50,0
9,0.4595,1,1,150,50,0
10,0.1233,1,1,150,50,0
11,0.0779,1,1,150,50,0
12,0.0621,1,1,150,50,0
13,0.1255,1,1,150,50,0
14,0.1758,1,1,150,50,0
15,0.4889,1,1,150,50,0
16,0.6915,1,1,150,50,0
17,0.6771,1,1,150,50,0
18,0.6251,1,1,150,50,0
19,0.9272,1,1,150,50,0
20,0.9433,1,1,150,50,0
21,0.7756,1,1,150,50,0
22,0.8945,1,1,150,50,0
23,0.8991,1,1,150,50,0
24,0.7288,1,1,150,50,0
25,0.8749,1,1,150,50,0
26,0.8539,1,1,150,50,0
27,0.7596,1,1,150,50,0
28,0.9817,1,1,150,50,0
29,1.0262,1,1,150,50,0
30,0.9547,1,1,150,50,0
31,1.0345,1,1,150,50,0
32,0.3597,1,1,150,50,0
33,0.9837,1,1,150,50,0
34,1.073,1,1,150,50,0
35,0.9875,1,1,150,50,0
36,1.0856,1,1,150,50,0
37,1.0581,1,1,150,50,0
38,1.095,1,1,150,50,0
39,0.8283,1,1,150,50,0
1,0.9938,1,0,150,50,0
2,0.8926,1,0,150,50,0
3,0.6022,1,0,150,50,0
4,0.1568,1,0,150,50,0
5,0.0134,1,0,150,50,0
6,0.0001,1,0,150,50,0
7,0.0102,1,0,150,50,0
8,0.0323,1,0,150,50,0
9,0.5813,1,0,150,50,0
10,0.1209,1,0,150,50,0
11,0.0747,1,0,150,50,0
12,0.0573,1,0,150,50,0
13,0.1286,1,0,150,50,0
14,0.1912,1,0,150,50,0
15,0.5166,1,0,150,50,0
16,0.7267,1,0,150,50,0
17,0.7153,1,0,150,50,0
18,0.6664,1,0,150,50,0
19,0.9661,1,0,150,50,0
20,0.9642,1,0,150,50,0
21,0.8171,1,0,150,50,0
22,0.9402,1,0,150,50,0
23,0.9336,1,0,150,50,0
24,0.7638,1,0,150,50,0
25,0.9338,1,0,150,50,0
26,0.8909,1,0,150,50,0
27,0.7977,1,0,150,50,0
28,1.0004,1,0,150,50,0
29,1.0391,1,0,150,50,0
30,1.075,1,0,150,50,0
31,1.0345,1,0,150,50,0
32,0.3239,1,0,150,50,0
33,1.04,1,0,150,50,0
34,1.073,1,0,150,50,0
35,1.0526,1,0,150,50,0
36,1.0856,1,0,150,50,0
37,1.0882,1,0,150,50,0
38,1.095,1,0,150,50,0
39,1.0374,1,0,150,50,0
1,0.8687,0,1,150,8,0
2,0.8438,0,1,150,8,0
3,0.5916,0,1,150,8,0
4,0.169,0,1,150,8,0
5,0.0153,0,1,150,8,0
6,0,0,1,150,8,0
7,0.0033,0,1,150,8,0
8,0.0219,0,1,150,8,0
9,0.4976,0,1,150,8,0
10,0.1366,0,1,150,8,0
11,0.0869,0,1,150,8,0
12,0.0674,0,1,150,8,0
13,0.1439,0,1,150,8,0
14,0.2073,0,1,150,8,0
15,0.5235,0,1,150,8,0
16,0.7194,0,1,150,8,0
17,0.7079,0,1,150,8,0
18,0.6586,0,1,150,8,0
19,0.9446,0,1,150,8,0
20,0.9527,0,1,150,8,0
21,0.7971,0,1,150,8,0
22,0.9105,0,1,150,8,0
23,0.9124,0,1,150,8,0
24,0.7543,0,1,150,8,0
25,0.9129,0,1,150,8,0
26,0.8806,0,1,150,8,0
27,0.7884,0,1,150,8,0
28,0.9943,0,1,150,8,0
29,1.0343,0,1,150,8,0
30,0.986,0,1,150,8,0
31,1.0345,0,1,150,8,0
32,0.3693,0,1,150,8,0
33,0.9983,0,1,150,8,0
34,1.073,0,1,150,8,0
35,1.0026,0,1,150,8,0
36,1.0856,0,1,150,8,0
37,1.094,0,1,150,8,0
38,1.095,0,1,150,8,0
39,0.8688,0,1,150,8,0
1,0.9599,0,0,150,8,0
2,0.8869,0,0,150,8,0
3,0.6166,0,0,150,8,0
4,0.1759,0,0,150,8,0
5,0.0176,0,0,150,8,0
6,0.0003,0,0,150,8,0
7,0.0094,0,0,150,8,0
8,0.0316,0,0,150,8,0
9,0.5703,0,0,150,8,0
10,0.1393,0,0,150,8,0
11,0.0885,0,0,150,8,0
12,0.0684,0,0,150,8,0
13,0.1475,0,0,150,8,0
14,0.2138,0,0,150,8,0
15,0.5377,0,0,150,8,0
16,0.738,0,0,150,8,0
17,0.7278,0,0,150,8,0
18,0.6804,0,0,150,8,0
19,0.9657,0,0,150,8,0
20,0.9641,0,0,150,8,0
21,0.8188,0,0,150,8,0
22,0.935,0,0,150,8,0
23,0.9308,0,0,150,8,0
24,0.773,0,0,150,8,0
25,0.9378,0,0,150,8,0
26,0.8978,0,0,150,8,0
27,0.8069,0,0,150,8,0
28,1.0032,0,0,150,8,0
29,1.0405,0,0,150,8,0
30,1.0505,0,0,150,8,0
31,1.0345,0,0,150,8,0
32,0.3706,0,0,150,8,0
33,1.0286,0,0,150,8,0
34,1.073,0,0,150,8,0
35,1.0385,0,0,150,8,0
36,1.0856,0,0,150,8,0
37,1.0954,0,0,150,8,0
38,1.095,0,0,150,8,0
39,0.9874,0,0,150,8,0
1,0.748,0,1,150,25,0
2,0.7937,0,1,150,25,0
3,0.5675,0,1,150,25,0
4,0.1646,0,1,150,25,0
5,0.0192,0,1,150,25,0
6,0.0086,0,1,150,25,0
7,0,0,1,150,25,0
8,0.0127,0,1,150,25,0
9,0.3922,0,1,150,25,0
10,0.1348,0,1,150,25,0
11,0.0883,0,1,150,25,0
12,0.0693,0,1,150,25,0
13,0.1436,0,1,150,25,0
14,0.2078,0,1,150,25,0
15,0.5302,0,1,150,25,0
16,0.7294,0,1,150,25,0
17,0.7061,0,1,150,25,0
18,0.6482,0,1,150,25,0
19,0.9685,0,1,150,25,0
20,0.9657,0,1,150,25,0
21,0.8175,0,1,150,25,0
22,0.9401,0,1,150,25,0
23,0.9331,0,1,150,25,0
24,0.7659,0,1,150,25,0
25,0.8846,0,1,150,25,0
26,0.8699,0,1,150,25,0
27,0.7821,0,1,150,25,0
28,0.9896,0,1,150,25,0
29,1.0314,0,1,150,25,0
30,0.9084,0,1,150,25,0
31,1.0345,0,1,150,25,0
32,0.3359,0,1,150,25,0
33,1.0411,0,1,150,25,0
34,1.073,0,1,150,25,0
35,1.0537,0,1,150,25,0
36,1.0856,0,1,150,25,0
37,1.0912,0,1,150,25,0
38,1.095,0,1,150,25,0
39,0.7075,0,1,150,25,0
1,0.8304,0,0,150,25,0
2,0.8214,0,0,150,25,0
3,0.5694,0,0,150,25,0
4,0.1551,0,0,150,25,0
5,0.0125,0,0,150,25,0
6,0,0,0,150,25,0
7,0.0007,0,0,150,25,0
8,0.0166,0,0,150,25,0
9,0.4577,0,0,150,25,0
10,0.1248,0,0,150,25,0
11,0.0788,0,0,150,25,0
12,0.0627,0,0,150,25,0
13,0.1319,0,0,150,25,0
14,0.1914,0,0,150,25,0
15,0.5042,0,0,150,25,0
16,0.7028,0,0,150,25,0
17,0.6898,0,0,150,25,0
18,0.6385,0,0,150,25,0
19,0.932,0,0,150,25,0
20,0.946,0,0,150,25,0
21,0.7841,0,0,150,25,0
22,0.8994,0,0,150,25,0
23,0.9039,0,0,150,25,0
24,0.739,0,0,150,25,0
25,0.895,0,0,150,25,0
26,0.8672,0,0,150,25,0
27,0.773,0,0,150,25,0
28,0.9886,0,0,150,25,0
29,1.0309,0,0,150,25,0
30,0.9599,0,0,150,25,0
31,1.0345,0,0,150,25,0
32,0.3326,0,0,150,25,0
33,0.9846,0,0,150,25,0
34,1.073,0,0,150,25,0
35,0.9887,0,0,150,25,0
36,1.0856,0,0,150,25,0
37,1.0896,0,0,150,25,0
38,1.095,0,0,150,25,0
39,0.8214,0,0,150,25,0
1,0.9157,0,1,150,50,0
2,0.8634,0,1,150,50,0
3,0.5943,0,1,150,50,0
4,0.1642,0,1,150,50,0
5,0.0159,0,1,150,50,0
6,0.0007,0,1,150,50,0
7,0.0081,0,1,150,50,0
8,0.0276,0,1,150,50,0
9,0.5255,0,1,150,50,0
10,0.1281,0,1,150,50,0
11,0.081,0,1,150,50,0
12,0.0668,0,1,150,50,0
13,0.1367,0,1,150,50,0
14,0.1993,0,1,150,50,0
15,0.5185,0,1,150,50,0
16,0.721,0,1,150,50,0
17,0.7093,0,1,150,50,0
18,0.6599,0,1,150,50,0
19,0.9527,0,1,150,50,0
20,0.9572,0,1,150,50,0
21,0.8053,0,1,150,50,0
22,0.9233,0,1,150,50,0
23,0.9218,0,1,150,50,0
24,0.7572,0,1,150,50,0
25,0.9205,0,1,150,50,0
26,0.8843,0,1,150,50,0
27,0.7913,0,1,150,50,0
28,0.9974,0,1,150,50,0
29,1.037,0,1,150,50,0
30,1.0219,0,1,150,50,0
31,1.0345,0,1,150,50,0
32,0.3316,0,1,150,50,0
33,1.0148,0,1,150,50,0
34,1.073,0,1,150,50,0
35,1.0234,0,1,150,50,0
36,1.0856,0,1,150,50,0
37,1.0954,0,1,150,50,0
38,1.095,0,1,150,50,0
39,0.9314,0,1,150,50,0
1,0.9927,0,0,150,50,0
2,0.891,0,0,150,50,0
3,0.5994,0,0,150,50,0
4,0.1547,0,0,150,50,0
5,0.0129,0,0,150,50,0
6,0.0001,0,0,150,50,0
7,0.01,0,0,150,50,0
8,0.0318,0,0,150,50,0
9,0.5788,0,0,150,50,0
10,0.1242,0,0,150,50,0
11,0.0768,0,0,150,50,0
12,0.0596,0,0,150,50,0
13,0.1304,0,0,150,50,0
14,0.19,0,0,150,50,0
15,0.5139,0,0,150,50,0
16,0.7245,0,0,150,50,0
17,0.7128,0,0,150,50,0
18,0.6637,0,0,150,50,0
19,0.965,0,0,150,50,0
20,0.9636,0,0,150,50,0
21,0.8155,0,0,150,50,0
22,0.9393,0,0,150,50,0
23,0.9327,0,0,150,50,0
24,0.7618,0,0,150,50,0
25,0.932,0,0,150,50,0
26,0.889,0,0,150,50,0
27,0.7955,0,0,150,50,0
28,0.9993,0,0,150,50,0
29,1.0384,0,0,150,50,0
30,1.0744,0,0,150,50,0
31,1.0345,0,0,150,50,0
32,0.3404,0,0,150,50,0
33,1.0397,0,0,150,50,0
34,1.073,0,0,150,50,0
35,1.0522,0,0,150,50,0
36,1.0856,0,0,150,50,0
37,1.0877,0,0,150,50,0
38,1.095,0,0,150,50,0
39,1.0365,0,0,150,50,0
1,0.7731,1,1,200,8,0
2,0.7736,1,1,200,8,0
3,0.5095,1,1,200,8,0
4,0.1249,1,1,200,8,0
5,0.0187,1,1,200,8,0
6,0.0213,1,1,200,8,0
7,0.0028,1,1,200,8,0
8,0.0109,1,1,200,8,0
9,0.3885,1,1,200,8,0
10,0.2105,1,1,200,8,0
11,0.1401,1,1,200,8,0
12,0.1152,1,1,200,8,0
13,0.1874,1,1,200,8,0
14,0.184,1,1,200,8,0
15,0.4428,1,1,200,8,0
16,0.6443,1,1,200,8,0
17,0.6276,1,1,200,8,0
18,0.5744,1,1,200,8,0
19,0.8883,1,1,200,8,0
20,0.9138,1,1,200,8,0
21,0.728,1,1,200,8,0
22,0.8556,1,1,200,8,0
23,0.8637,1,1,200,8,0
24,0.6848,1,1,200,8,0
25,0.8576,1,1,200,8,0
26,0.8154,1,1,200,8,0
27,0.7114,1,1,200,8,0
28,0.9519,1,1,200,8,0
29,1.0044,1,1,200,8,0
30,0.9216,1,1,200,8,0
31,1.0345,1,1,200,8,0
32,0.6824,1,1,200,8,0
33,0.9527,1,1,200,8,0
34,1.073,1,1,200,8,0
35,0.9544,1,1,200,8,0
36,1.0856,1,1,200,8,0
37,1.0954,1,1,200,8,0
38,1.095,1,1,200,8,0
39,0.7598,1,1,200,8,0
1,0.786,1,0,200,8,0
2,0.7788,1,0,200,8,0
3,0.5104,1,0,200,8,0
4,0.1234,1,0,200,8,0
5,0.0175,1,0,200,8,0
6,0.0203,1,0,200,8,0
7,0.0025,1,0,200,8,0
8,0.011,1,0,200,8,0
9,0.3965,1,0,200,8,0
10,0.2148,1,0,200,8,0
11,0.1425,1,0,200,8,0
12,0.1181,1,0,200,8,0
13,0.1902,1,0,200,8,0
14,0.1837,1,0,200,8,0
15,0.442,1,0,200,8,0
16,0.6448,1,0,200,8,0
17,0.628,1,0,200,8,0
18,0.5749,1,0,200,8,0
19,0.8907,1,0,200,8,0
20,0.915,1,0,200,8,0
21,0.7299,1,0,200,8,0
22,0.8588,1,0,200,8,0
23,0.8659,1,0,200,8,0
24,0.6857,1,0,200,8,0
25,0.8598,1,0,200,8,0
26,0.8161,1,0,200,8,0
27,0.712,1,0,200,8,0
28,0.9523,1,0,200,8,0
29,1.0048,1,0,200,8,0
30,0.9312,1,0,200,8,0
31,1.0345,1,0,200,8,0
32,0.704,1,0,200,8,0
33,0.9578,1,0,200,8,0
34,1.073,1,0,200,8,0
35,0.9602,1,0,200,8,0
36,1.0856,1,0,200,8,0
37,1.0954,1,0,200,8,0
38,1.095,1,0,200,8,0
39,0.7771,1,0,200,8,0
1,0.853,1,1,200,50,0
2,0.7796,1,1,200,50,0
3,0.4993,1,1,200,50,0
4,0.1126,1,1,200,50,0
5,0.0104,1,1,200,50,0
6,0.0143,1,1,200,50,0
7,0.0012,1,1,200,50,0
8,0.0117,1,1,200,50,0
9,0.4464,1,1,200,50,0
10,0.2463,1,1,200,50,0
11,0.1603,1,1,200,50,0
12,0.1399,1,1,200,50,0
13,0.2117,1,1,200,50,0
14,0.1842,1,1,200,50,0
15,0.4355,1,1,200,50,0
16,0.6437,1,1,200,50,0
17,0.6203,1,1,200,50,0
18,0.565,1,1,200,50,0
19,0.9039,1,1,200,50,0
20,0.9221,1,1,200,50,0
21,0.7388,1,1,200,50,0
22,0.8771,1,1,200,50,0
23,0.8779,1,1,200,50,0
24,0.6865,1,1,200,50,0
25,0.8214,1,1,200,50,0
26,0.7969,1,1,200,50,0
27,0.6979,1,1,200,50,0
28,0.9427,1,1,200,50,0
29,0.9987,1,1,200,50,0
30,0.9634,1,1,200,50,0
31,1.0345,1,1,200,50,0
32,0.8515,1,1,200,50,0
33,0.9892,1,1,200,50,0
34,1.073,1,1,200,50,0
35,0.9961,1,1,200,50,0
36,1.0856,1,1,200,50,0
37,0.9883,1,1,200,50,0
38,1.095,1,1,200,50,0
39,0.8828,1,1,200,50,0
1,0.9764,1,0,200,50,0
2,0.8551,1,0,200,50,0
3,0.5328,1,0,200,50,0
4,0.1164,1,0,200,50,0
5,0.0035,1,0,200,50,0
6,0.0063,1,0,200,50,0
7,0.0001,1,0,200,50,0
8,0.0148,1,0,200,50,0
9,0.5238,1,0,200,50,0
10,0.2814,1,0,200,50,0
11,0.1797,1,0,200,50,0
12,0.1651,1,0,200,50,0
13,0.2396,1,0,200,50,0
14,0.198,1,0,200,50,0
15,0.4491,1,0,200,50,0
16,0.6649,1,0,200,50,0
17,0.646,1,0,200,50,0
18,0.5933,1,0,200,50,0
19,0.9281,1,0,200,50,0
20,0.931,1,0,200,50,0
21,0.7669,1,0,200,50,0
22,0.9109,1,0,200,50,0
23,0.9027,1,0,200,50,0
24,0.708,1,0,200,50,0
25,0.8927,1,0,200,50,0
26,0.8321,1,0,200,50,0
27,0.729,1,0,200,50,0
28,0.9598,1,0,200,50,0
29,1.0102,1,0,200,50,0
30,1.0697,1,0,200,50,0
31,1.0345,1,0,200,50,0
32,1.0012,1,0,200,50,0
33,1.0325,1,0,200,50,0
34,1.062,1,0,200,50,0
35,1.0482,1,0,200,50,0
36,1.0846,1,0,200,50,0
37,1.0825,1,0,200,50,0
38,1.0938,1,0,200,50,0
39,1.0326,1,0,200,50,0
1,0.7751,0,1,200,8,0
2,0.7744,0,1,200,8,0
3,0.5097,0,1,200,8,0
4,0.1246,0,1,200,8,0
5,0.0185,0,1,200,8,0
6,0.0211,0,1,200,8,0
7,0.0027,0,1,200,8,0
8,0.0109,0,1,200,8,0
9,0.3897,0,1,200,8,0
10,0.2112,0,1,200,8,0
11,0.1405,0,1,200,8,0
12,0.1157,0,1,200,8,0
13,0.1878,0,1,200,8,0
14,0.184,0,1,200,8,0
15,0.4427,0,1,200,8,0
16,0.6443,0,1,200,8,0
17,0.6276,0,1,200,8,0
18,0.5745,0,1,200,8,0
19,0.8887,0,1,200,8,0
20,0.914,0,1,200,8,0
21,0.7283,0,1,200,8,0
22,0.8561,0,1,200,8,0
23,0.864,0,1,200,8,0
24,0.685,0,1,200,8,0
25,0.858,0,1,200,8,0
26,0.8155,0,1,200,8,0
27,0.7115,0,1,200,8,0
28,0.9519,0,1,200,8,0
29,1.0045,0,1,200,8,0
30,0.9231,0,1,200,8,0
31,1.0345,0,1,200,8,0
32,0.6858,0,1,200,8,0
33,0.9535,0,1,200,8,0
34,1.073,0,1,200,8,0
35,0.9553,0,1,200,8,0
36,1.0856,0,1,200,8,0
37,1.0954,0,1,200,8,0
38,1.095,0,1,200,8,0
39,0.7624,0,1,200,8,0
1,0.7751,0,0,200,8,0
2,0.7744,0,0,200,8,0
3,0.5097,0,0,200,8,0
4,0.1246,0,0,200,8,0
5,0.0185,0,0,200,8,0
6,0.0211,0,0,200,8,0
7,0.0027,0,0,200,8,0
8,0.0109,0,0,200,8,0
9,0.3897,0,0,200,8,0
10,0.2112,0,0,200,8,0
11,0.1405,0,0,200,8,0
12,0.1157,0,0,200,8,0
13,0.1878,0,0,200,8,0
14,0.184,0,0,200,8,0
15,0.4427,0,0,200,8,0
16,0.6443,0,0,200,8,0
17,0.6276,0,0,200,8,0
18,0.5745,0,0,200,8,0
19,0.8887,0,0,200,8,0
20,0.914,0,0,200,8,0
21,0.7283,0,0,200,8,0
22,0.8561,0,0,200,8,0
23,0.864,0,0,200,8,0
24,0.685,0,0,200,8,0
25,0.858,0,0,200,8,0
26,0.8155,0,0,200,8,0
27,0.7115,0,0,200,8,0
28,0.9519,0,0,200,8,0
29,1.0045,0,0,200,8,0
30,0.9231,0,0,200,8,0
31,1.0345,0,0,200,8,0
32,0.6858,0,0,200,8,0
33,0.9535,0,0,200,8,0
34,1.073,0,0,200,8,0
35,0.9553,0,0,200,8,0
36,1.0856,0,0,200,8,0
37,1.0954,0,0,200,8,0
38,1.095,0,0,200,8,0
39,0.7624,0,0,200,8,0
1,0.8743,0,1,200,50,0
2,0.7927,0,1,200,50,0
3,0.5049,0,1,200,50,0
4,0.1129,0,1,200,50,0
5,0.0091,0,1,200,50,0
6,0.0128,0,1,200,50,0
7,0.001,0,1,200,50,0
8,0.0121,0,1,200,50,0
9,0.4595,0,1,200,50,0
10,0.2521,0,1,200,50,0
11,0.1635,0,1,200,50,0
12,0.144,0,1,200,50,0
13,0.2162,0,1,200,50,0
14,0.186,0,1,200,50,0
15,0.4374,0,1,200,50,0
16,0.6473,0,1,200,50,0
17,0.6245,0,1,200,50,0
18,0.5696,0,1,200,50,0
19,0.9088,0,1,200,50,0
20,0.9247,0,1,200,50,0
21,0.7436,0,1,200,50,0
22,0.883,0,1,200,50,0
23,0.8823,0,1,200,50,0
24,0.6902,0,1,200,50,0
25,0.8335,0,1,200,50,0
26,0.8028,0,1,200,50,0
27,0.703,0,1,200,50,0
28,0.9457,0,1,200,50,0
29,1.0008,0,1,200,50,0
30,0.982,0,1,200,50,0
31,1.0345,0,1,200,50,0
32,0.8774,0,1,200,50,0
33,0.9974,0,1,200,50,0
34,1.073,0,1,200,50,0
35,1.0053,0,1,200,50,0
36,1.0856,0,1,200,50,0
37,1.0047,0,1,200,50,0
38,1.095,0,1,200,50,0
39,0.9086,0,1,200,50,0
1,0.9744,0,0,200,50,0
2,0.8525,0,0,200,50,0
3,0.5301,0,0,200,50,0
4,0.1146,0,0,200,50,0
5,0.003,0,0,200,50,0
6,0.0062,0,0,200,50,0
7,0.0001,0,0,200,50,0
8,0.0147,0,0,200,50,0
9,0.5219,0,0,200,50,0
10,0.28,0,0,200,50,0
11,0.1786,0,0,200,50,0
12,0.1644,0,0,200,50,0
13,0.2381,0,0,200,50,0
14,0.196,0,0,200,50,0
15,0.4468,0,0,200,50,0
16,0.6626,0,0,200,50,0
17,0.6436,0,0,200,50,0
18,0.5907,0,0,200,50,0
19,0.9257,0,0,200,50,0
20,0.9301,0,0,200,50,0
21,0.7653,0,0,200,50,0
22,0.9093,0,0,200,50,0
23,0.9013,0,0,200,50,0
24,0.7057,0,0,200,50,0
25,0.8902,0,0,200,50,0
26,0.8296,0,0,200,50,0
27,0.7268,0,0,200,50,0
28,0.9575,0,0,200,50,0
29,1.0079,0,0,200,50,0
30,1.0678,0,0,200,50,0
31,1.0345,0,0,200,50,0
32,1.0006,0,0,200,50,0
33,1.0314,0,0,200,50,0
34,1.0604,0,0,200,50,0
35,1.0469,0,0,200,50,0
36,1.0829,0,0,200,50,0
37,1.0804,0,0,200,50,0
38,1.092,0,0,200,50,0
39,1.0313,0,0,200,50,0
